image_id,glaucoma_predicted,glaucoma_prob
CRFO-v4-1,0,0.00026219530639748297
CRFO-v4-10,1,0.9212284745125551
CRFO-v4-11,0,0.44543758946607176
CRFO-v4-21,0,0.03777832280617453
CRFO-v4-3,0,0.02472990385543865
CRFO-v4-36,0,0.2689631491799036
CRFO-v4-37,0,0.29557511963933014
CRFO-v4-38,0,0.05350707037567284
CRFO-v4-39,0,0.025841657771082875
CRFO-v4-4,1,0.7459267570126473
CRFO-v4-40,0,0.08597446661588362
CRFO-v4-41,0,0.1501957754054323
CRFO-v4-42,0,0.22903165109486515
CRFO-v4-43,0,0.10443930574113172
CRFO-v4-44,0,0.04221024811579744
CRFO-v4-45,0,0.11036854960546838
CRFO-v4-46,0,0.07398749066710324
CRFO-v4-47,0,0.030050535546202118
CRFO-v4-48,0,0.009010003816848662
CRFO-v4-49,0,0.03928338863508003
CRFO-v4-5,0,0.01567548142636134
CRFO-v4-50,0,0.08697022205151915
CRFO-v4-51,0,0.17938550758491836
CRFO-v4-53,0,0.006208775249563172
CRFO-v4-6,0,0.35937648194150495
CRFO-v4-64,0,0.017584861252816778
CRFO-v4-65,0,0.07773195434228697
CRFO-v4-66,0,0.2011315195579017
CRFO-v4-67,0,0.16561024169319136
CRFO-v4-68,0,0.03433035674830511
CRFO-v4-69,0,0.0070137827047389145
CRFO-v4-7,0,0.018543794988886926
CRFO-v4-70,0,0.19476581295796663
CRFO-v4-71,0,0.2983379222341399
CRFO-v4-72,0,0.031086747669361935
CRFO-v4-73,0,0.013100417818187306
CRFO-v4-74,0,0.4397857945537752
CRFO-v4-75,0,0.15217333781835862
CRFO-v4-76,0,0.058671979233783186
CRFO-v4-77,0,0.12901344444336713
CRFO-v4-78,0,0.055064378861702505
CRFO-v4-79,0,0.006528803911715329
CRFO-v4-8,0,0.00786680911851656
CRFO-v4-9,0,0.019117199703033924
DRISHTI-GS1-test-1,1,0.9864000715652617
DRISHTI-GS1-test-10,1,0.99588384488224
DRISHTI-GS1-test-11,1,0.9986903075686964
DRISHTI-GS1-test-12,1,0.9692586781015388
DRISHTI-GS1-test-13,1,0.7735465864832034
DRISHTI-GS1-test-14,1,0.9960380991250692
DRISHTI-GS1-test-15,1,0.9635497925018601
DRISHTI-GS1-test-16,1,0.9904968988518525
DRISHTI-GS1-test-17,1,0.98849459192591
DRISHTI-GS1-test-18,1,0.9705367167639427
DRISHTI-GS1-test-19,1,0.9516905633798889
DRISHTI-GS1-test-2,1,0.9270075527823691
DRISHTI-GS1-test-20,1,0.9916003515304262
DRISHTI-GS1-test-21,1,0.9945529261916378
DRISHTI-GS1-test-22,1,0.8167328208975373
DRISHTI-GS1-test-23,1,0.9357227980585726
DRISHTI-GS1-test-24,1,0.986287711935632
DRISHTI-GS1-test-25,1,0.9968715186044935
DRISHTI-GS1-test-26,1,0.906955507044909
DRISHTI-GS1-test-27,1,0.9643956045020016
DRISHTI-GS1-test-28,0,0.009641428155729765
DRISHTI-GS1-test-29,1,0.8822028426567294
DRISHTI-GS1-test-3,1,0.9997308303099863
DRISHTI-GS1-test-30,1,0.9841543187052609
DRISHTI-GS1-test-31,1,0.5595028508914492
DRISHTI-GS1-test-32,1,0.9765051305932168
DRISHTI-GS1-test-33,1,0.8893678784016562
DRISHTI-GS1-test-34,0,0.168115498665352
DRISHTI-GS1-test-35,1,0.9679698189580496
DRISHTI-GS1-test-36,1,0.9971928382013425
DRISHTI-GS1-test-37,1,0.9899161108350258
DRISHTI-GS1-test-38,0,0.42541222052314576
DRISHTI-GS1-test-39,1,0.9881141973886295
DRISHTI-GS1-test-4,1,0.7908665232554414
DRISHTI-GS1-test-40,1,0.9349663747861836
DRISHTI-GS1-test-41,1,0.8813647527884295
DRISHTI-GS1-test-42,1,0.9662832127256924
DRISHTI-GS1-test-43,1,0.9841599349500858
DRISHTI-GS1-test-44,1,0.954559494222279
DRISHTI-GS1-test-45,0,0.033234271872687904
DRISHTI-GS1-test-46,0,0.0017663443359721878
DRISHTI-GS1-test-47,0,0.026022227621670713
DRISHTI-GS1-test-48,0,0.007341212155509742
DRISHTI-GS1-test-49,0,0.001961846947373166
DRISHTI-GS1-test-5,1,0.9758254627604624
DRISHTI-GS1-test-50,0,0.08410993806242256
DRISHTI-GS1-test-51,0,6.347556230174047e-05
DRISHTI-GS1-test-6,0,0.013107391648563971
DRISHTI-GS1-test-7,1,0.9736313813925537
DRISHTI-GS1-test-8,1,0.7727172813740841
DRISHTI-GS1-test-9,1,0.9838459015208777
G1020-1,0,0.004126254539956961
G1020-10,0,0.03700118759495603
G1020-100,0,0.027380239453738027
G1020-1000,0,0.03223470403704325
G1020-1001,0,0.011228339047527224
G1020-1002,0,0.020923585958903694
G1020-1003,1,0.7515589601108852
G1020-1005,0,0.010007113378554644
G1020-1006,0,0.04647726451817706
G1020-1007,0,0.040719737835391984
G1020-1008,0,0.03408353223838913
G1020-1009,0,0.05643187804834315
G1020-101,0,0.06409691022056116
G1020-1011,0,0.12634883345816375
G1020-1012,0,0.027629180270452667
G1020-1013,0,0.031071413964955236
G1020-1014,0,0.10276934492281449
G1020-1015,0,0.11932840751526654
G1020-1016,0,0.01128423056150169
G1020-1017,0,0.15521230126276345
G1020-1018,0,0.04640829607633582
G1020-1019,0,0.10507612859739823
G1020-102,0,0.025682261417210753
G1020-103,0,0.058040080839712016
G1020-104,0,0.03974199106765332
G1020-105,0,0.022585253625193837
G1020-108,0,0.04653285076561874
G1020-109,0,0.017195325620539787
G1020-11,0,0.0586717171858553
G1020-110,0,0.027133854898098664
G1020-111,0,0.057900450710008475
G1020-113,0,0.011206751990531524
G1020-114,0,0.004916176921047965
G1020-115,0,0.07016959828730807
G1020-116,0,0.03537695123395535
G1020-117,0,0.09458337711701072
G1020-118,0,0.06581394281485729
G1020-119,0,0.23370058060122784
G1020-12,0,0.00929611651206343
G1020-120,0,0.02712050340701493
G1020-122,0,0.20635457345960806
G1020-123,0,0.1289042696789644
G1020-124,0,0.022215392093750952
G1020-125,0,0.018410902707174864
G1020-126,0,0.03023086376416536
G1020-128,0,0.028272754479184325
G1020-129,0,0.0072418982955839515
G1020-130,0,0.020374324795440553
G1020-131,0,0.08765603612142289
G1020-133,0,0.054962298994865474
G1020-134,0,0.048635006729407286
G1020-137,0,0.22643215302828787
G1020-138,0,0.008678044978569848
G1020-139,0,0.003944128149230435
G1020-140,0,0.006897949395839573
G1020-141,0,0.021570273885983773
G1020-142,0,0.022696738416212406
G1020-143,0,0.01611189890701931
G1020-144,0,0.011714949510059592
G1020-145,0,0.0259573208356962
G1020-146,0,0.007089399305423484
G1020-147,0,0.02865384966880495
G1020-148,0,0.009746989580805538
G1020-15,0,0.013971927551257934
G1020-151,0,0.0209280085866023
G1020-152,0,0.062229577649335135
G1020-154,0,0.07845068382248385
G1020-155,0,0.23027125373159701
G1020-158,0,0.08080816251262353
G1020-159,0,0.07714721519317339
G1020-16,0,0.08857296323738365
G1020-161,0,0.0012002192750274038
G1020-164,0,0.022326617051771303
G1020-165,0,0.010558697316904299
G1020-166,0,0.03945264202811178
G1020-167,0,0.032289704350687246
G1020-169,0,0.008363405614863565
G1020-17,0,0.017727316456250426
G1020-170,0,0.03134277088436
G1020-173,0,0.03884107857018239
G1020-175,0,0.023818188514323053
G1020-176,0,0.05398188607189807
G1020-177,0,0.05244991249201991
G1020-178,0,0.06616638270706321
G1020-179,0,0.004422146256396289
G1020-18,0,0.028534004709922973
G1020-183,0,0.01903858745504643
G1020-184,0,0.008398232220853829
G1020-185,0,0.39836576339492397
G1020-186,0,0.021319598871290167
G1020-187,0,0.009798893098933456
G1020-188,0,0.011869373181665924
G1020-189,0,0.03536683019203269
G1020-19,0,0.012215703747890765
G1020-190,0,0.06396513766631698
G1020-191,0,0.08499248201367214
G1020-192,0,0.07243219553103453
G1020-193,0,0.041589876206648564
G1020-195,0,0.0380962794357007
G1020-196,0,0.01170012396209183
G1020-197,1,0.502192039998604
G1020-198,0,0.003306272499458752
G1020-2,0,0.036302843109345916
G1020-20,0,0.0111687079539245
G1020-200,0,0.0023026179464046724
G1020-201,0,0.03555972389554951
G1020-202,0,0.027873807213887682
G1020-203,0,0.018006850959744535
G1020-204,0,0.01808678899609227
G1020-205,0,0.013088297796663137
G1020-207,0,0.013234773247427792
G1020-208,0,0.030431115445114534
G1020-21,0,0.0715313074829951
G1020-210,0,0.024890915703004862
G1020-211,0,0.020053680640523215
G1020-213,0,0.03943450589059845
G1020-215,0,0.013007160780134015
G1020-217,0,0.10301669002131257
G1020-219,0,0.006885603951362484
G1020-220,0,0.04950868530598154
G1020-221,0,0.25203595509073357
G1020-222,0,0.08287615735224219
G1020-223,0,0.07981307174948038
G1020-225,0,0.02578355652565081
G1020-226,0,0.1919074474513896
G1020-227,0,0.015361479609265413
G1020-228,0,0.03240187994450019
G1020-23,0,0.0967481285045533
G1020-230,0,0.23733220601315325
G1020-231,0,0.017200536259270736
G1020-232,0,0.07957528949685642
G1020-233,0,0.04449389407107953
G1020-234,0,0.004366660444003162
G1020-235,0,0.017771510994787597
G1020-236,0,0.00451251352190825
G1020-237,0,0.004726573453653503
G1020-238,0,0.03712186042641852
G1020-239,0,0.25588035763837264
G1020-24,0,0.01978246002322723
G1020-241,0,0.016099646005426987
G1020-243,0,0.08028586205066807
G1020-244,0,0.14918470555128946
G1020-245,0,0.2543533182445164
G1020-246,0,0.03288897450900973
G1020-247,0,0.015328890896602181
G1020-248,0,0.10078830121552107
G1020-249,0,0.007039521284309569
G1020-25,0,0.025110436577137053
G1020-253,0,0.008988182589031356
G1020-254,0,0.010361682806268575
G1020-255,0,0.00960206321543951
G1020-256,0,0.016676048125807773
G1020-257,0,0.01612028518810725
G1020-259,0,0.06907683333797439
G1020-26,1,0.5159309761253534
G1020-260,0,0.0041063620759452
G1020-261,1,0.5724756355657972
G1020-262,0,0.043652437264695663
G1020-263,0,0.008302778713262021
G1020-264,0,0.012483775904554972
G1020-265,0,0.023701627053595173
G1020-267,0,0.009887438025742351
G1020-269,0,0.0030739642048718567
G1020-27,0,0.06996969955673356
G1020-270,0,0.005261362454413852
G1020-271,0,0.08680822115640255
G1020-272,0,0.0461614502706449
G1020-273,0,0.020716417295493963
G1020-274,0,0.035090641446610324
G1020-275,0,0.006365642454944349
G1020-276,0,0.14532947468713478
G1020-277,0,0.06325385709362717
G1020-278,0,0.004612498573326654
G1020-279,0,0.4587284225450921
G1020-28,0,0.10832960312685193
G1020-280,0,0.011878287740252442
G1020-281,0,0.18599528233852822
G1020-282,0,0.023359432648984494
G1020-284,0,0.02821045480601106
G1020-286,0,0.05911655441408286
G1020-287,0,0.011880088067454391
G1020-288,0,0.004186118759696234
G1020-289,0,0.02714354615212198
G1020-29,0,0.006564782052285406
G1020-290,0,0.016361510040256974
G1020-291,0,0.014692120108196243
G1020-292,0,0.02637309466770667
G1020-293,0,0.018703810643144594
G1020-295,0,0.050594223763366725
G1020-297,0,0.040650958044786925
G1020-298,0,0.05703855275632151
G1020-299,0,0.009082141370198943
G1020-3,0,0.03636016919786118
G1020-300,0,0.04497646211115979
G1020-301,0,0.019677814786937992
G1020-302,0,0.012520634415454377
G1020-303,0,0.036809106889852325
G1020-305,0,0.3374376594676718
G1020-306,0,0.04720466084568984
G1020-307,0,0.04728645420243701
G1020-308,0,0.1111844183622989
G1020-309,0,0.06652823935398194
G1020-31,0,0.03114864346313496
G1020-310,0,0.019996348876735993
G1020-311,0,0.17778151893526936
G1020-312,0,0.019176629316770832
G1020-313,0,0.010579921435555499
G1020-314,0,0.006695710625288224
G1020-315,0,0.17134506983210274
G1020-316,0,0.016670365893580764
G1020-317,0,0.02411029458066909
G1020-318,0,0.06493048979808871
G1020-319,0,0.11644285286176655
G1020-32,0,0.04349782255497026
G1020-321,0,0.020521803857034185
G1020-322,0,0.005942959862812096
G1020-323,0,0.05876885402269273
G1020-324,0,0.007109995431934009
G1020-326,0,0.07502734762495203
G1020-327,0,0.012676555723816265
G1020-328,0,0.08312775520647515
G1020-329,0,0.014455777949889012
G1020-33,0,0.014587232390894619
G1020-330,0,0.021009407808934212
G1020-331,0,0.017138547732770393
G1020-333,0,0.019426931074893447
G1020-334,0,0.010673323666245719
G1020-335,0,0.006411360759625064
G1020-336,0,0.16661022963262334
G1020-337,0,0.006239645582614225
G1020-338,0,0.011665492834388528
G1020-339,0,0.014229864961050435
G1020-34,0,0.004808095886902747
G1020-340,0,0.022919700100558604
G1020-341,0,0.00714546737246037
G1020-342,0,0.027954591818662448
G1020-343,0,0.09340562182826305
G1020-344,0,0.11291542097811895
G1020-345,0,0.006747739380807558
G1020-346,0,0.1099560006712292
G1020-348,0,0.05161026116263807
G1020-349,0,0.012138296489540665
G1020-35,0,0.03052959388790547
G1020-350,0,0.044608139092657574
G1020-353,0,0.04605513485932711
G1020-354,0,0.033559246961422165
G1020-355,0,0.20066088247442757
G1020-356,0,0.008561963813513719
G1020-357,0,0.2883018420628767
G1020-358,0,0.006989205227189938
G1020-359,0,0.004305872727723494
G1020-36,0,0.0016724101302239152
G1020-360,0,0.00823884647198908
G1020-361,0,0.02294867664521016
G1020-362,0,0.08099556674339532
G1020-363,0,0.016090036823478357
G1020-364,0,0.02689745176882457
G1020-365,0,0.027280166920614284
G1020-366,0,0.062215961715814776
G1020-367,0,0.0062095865951455565
G1020-368,0,0.1810388798527062
G1020-369,0,0.029495685386894895
G1020-37,0,0.002127022691897561
G1020-371,0,0.08130288826156697
G1020-372,0,0.02523241243569015
G1020-373,0,0.0018901349865052322
G1020-374,0,0.06023198706402072
G1020-375,0,0.02313560715087994
G1020-377,0,0.004118321613748108
G1020-379,0,0.03389649597600921
G1020-380,0,0.06937550252870756
G1020-381,0,0.013905064496674543
G1020-382,0,0.014495110425594067
G1020-384,0,0.00046304164371477227
G1020-385,0,0.024720341467896756
G1020-386,0,0.004537582204109601
G1020-388,0,0.004786205522342417
G1020-39,0,0.01790722233988801
G1020-390,0,0.03834640326862905
G1020-391,0,0.005511504423825218
G1020-392,0,0.028462403753629392
G1020-393,0,0.07673171038361004
G1020-394,0,0.031197901675475984
G1020-395,0,0.047750678988535675
G1020-396,0,0.0034621125033397248
G1020-397,0,0.06658885992876176
G1020-398,0,0.048012002068095146
G1020-4,0,0.012594443556413846
G1020-40,0,0.06736275540695576
G1020-401,0,0.04620673930531209
G1020-402,0,0.015367025081484614
G1020-403,0,0.13255544390094898
G1020-405,0,0.0066808193517064645
G1020-406,0,0.007946717799690056
G1020-408,0,0.039844267284412545
G1020-409,0,0.010360355595479376
G1020-41,0,0.07794622219884328
G1020-411,0,0.1482610246267235
G1020-412,0,0.019221384643502277
G1020-413,0,0.014156865297948932
G1020-414,0,0.03666770475964891
G1020-416,0,0.006623912092934806
G1020-417,0,0.02933643068414176
G1020-418,0,0.018372266182489928
G1020-419,0,0.038938625421738135
G1020-42,0,0.01779664425615931
G1020-420,0,0.006404435807285022
G1020-421,0,0.14892557843157442
G1020-422,0,0.009326287525141544
G1020-424,0,0.003631871028017839
G1020-425,0,0.017118330052135627
G1020-426,0,0.05822067090973317
G1020-427,0,0.007677552986959783
G1020-428,0,0.055342917554306106
G1020-429,0,0.0008293369578559836
G1020-43,0,0.2963619969513434
G1020-431,0,0.009807348883121118
G1020-432,0,0.006016670368271633
G1020-433,0,0.011609158162981982
G1020-434,0,0.03350948179638082
G1020-435,0,0.037918555492170096
G1020-436,0,0.008158552534075809
G1020-437,0,0.126486572549484
G1020-439,0,0.09834729957171942
G1020-44,0,0.035578054291008625
G1020-440,0,0.003225230862243904
G1020-441,0,0.35795004257072766
G1020-443,0,0.0851409674507086
G1020-444,0,0.01687080399578691
G1020-445,0,0.003755004471179982
G1020-446,0,0.04456045226661632
G1020-447,0,0.10147274967959251
G1020-448,0,0.011588658672048224
G1020-449,0,0.08776700578590121
G1020-45,0,0.007564359734545345
G1020-451,0,0.005079379113004553
G1020-452,0,0.025613581970448083
G1020-454,0,0.09410577130790915
G1020-457,0,0.007231181312527587
G1020-459,0,0.008134788438366482
G1020-46,0,0.044180151397659156
G1020-460,0,0.026000937758144913
G1020-461,0,0.015402069128218222
G1020-462,1,0.6176020320025976
G1020-464,0,0.1689197792219318
G1020-465,0,0.019354241566987052
G1020-466,0,0.4522053241304779
G1020-467,0,0.02049499549334432
G1020-469,0,0.050127505851167334
G1020-47,0,0.05013059485675607
G1020-470,0,0.14724061134372346
G1020-472,0,0.062642259059658
G1020-473,0,0.06407612277208259
G1020-475,0,0.004737050657720653
G1020-476,0,0.024735332840418827
G1020-477,0,0.04265050593666593
G1020-478,0,0.0057532600924139685
G1020-479,0,0.13596933551219775
G1020-48,0,0.014359070842840696
G1020-480,0,0.011338627931150543
G1020-481,0,0.05767268222969763
G1020-482,0,0.06242900667826892
G1020-485,0,0.06455842517999538
G1020-486,0,0.05124428605571923
G1020-487,0,0.013740046454115942
G1020-49,0,0.013963481032926502
G1020-490,0,0.009278069247216832
G1020-492,0,0.026978085002926793
G1020-493,0,0.07902190642197927
G1020-494,0,0.02372273188241487
G1020-495,0,0.004673109881135007
G1020-496,0,0.0336780540066468
G1020-497,0,0.03070377065904247
G1020-498,0,0.008304318714756266
G1020-502,0,0.04995285570267401
G1020-503,0,0.024763440688364176
G1020-504,0,0.3709138955852565
G1020-505,0,0.02870110463854397
G1020-506,0,0.01012296872658204
G1020-509,0,0.11020934829610537
G1020-510,0,0.47621896773930705
G1020-511,0,0.005001973244053253
G1020-513,0,0.04337446092082582
G1020-515,0,0.00845834317914393
G1020-518,0,0.026076876474237898
G1020-519,0,0.11668071918763687
G1020-52,0,0.00831214916765678
G1020-520,0,0.002730993062190335
G1020-521,0,0.01157496951375639
G1020-522,0,0.0021472709046299796
G1020-523,0,0.026729304687317133
G1020-524,0,0.018250300971982228
G1020-527,0,0.1469506080979292
G1020-528,0,0.01948274898348787
G1020-529,0,0.0012738357753366944
G1020-53,0,0.037867412759246454
G1020-530,0,0.067030267681351
G1020-531,0,0.021758820253330056
G1020-535,0,0.004111969578708681
G1020-536,0,0.001781659225524808
G1020-537,0,0.021841685566452117
G1020-538,0,0.003952030338496132
G1020-539,0,0.009788538528176243
G1020-540,0,0.05727788393072472
G1020-541,0,0.009711444174098185
G1020-542,0,0.05190225323876605
G1020-543,0,0.028266552076747446
G1020-544,0,0.009089023682587363
G1020-545,0,0.04069211217861108
G1020-546,0,0.07371162661601233
G1020-547,0,0.07035177392674305
G1020-549,0,0.031665204056168995
G1020-55,0,0.018770168240650694
G1020-550,0,0.08668332425308431
G1020-551,0,0.3060978352786426
G1020-552,0,0.17643956234103528
G1020-553,0,0.06573855589972635
G1020-554,0,0.034563745359249935
G1020-556,0,0.05252348515797429
G1020-56,0,0.031083167817982187
G1020-561,0,0.07642434224105016
G1020-562,0,0.03206616766798499
G1020-563,0,0.007640276773644362
G1020-566,0,0.020765263612763693
G1020-567,0,0.0524428533153386
G1020-568,0,0.07378205241706756
G1020-569,0,0.020139854581068713
G1020-57,0,0.044629308220749835
G1020-570,0,0.014158091106708206
G1020-571,0,0.25165807637336424
G1020-577,0,0.06466743693357205
G1020-578,0,0.27033994624452573
G1020-581,0,0.02525416846958733
G1020-582,0,0.025845102489260325
G1020-583,0,0.005145595478229953
G1020-584,0,0.0007876699264461344
G1020-585,0,0.006585905679878605
G1020-586,0,0.0028077724577262935
G1020-587,0,0.04453813672439197
G1020-588,0,0.020458691629578488
G1020-589,0,0.026590864771254694
G1020-59,0,0.013720504257162706
G1020-590,0,0.013825128566321017
G1020-595,0,0.20150199051266088
G1020-596,0,0.007860196282945056
G1020-597,0,0.019677219724884818
G1020-598,0,0.027303674038589066
G1020-599,0,0.029672417675711313
G1020-6,0,0.2633753850525382
G1020-60,0,0.04683613136106526
G1020-600,0,0.046323995218170995
G1020-601,0,0.01000880616913347
G1020-602,0,0.05195816485654933
G1020-605,0,0.0029524166290400204
G1020-607,0,0.010040506707166497
G1020-609,0,0.013432772831237732
G1020-61,0,0.1747905349452004
G1020-610,0,0.13130770974142666
G1020-611,0,0.06981031005302553
G1020-612,0,0.02659043576028459
G1020-613,0,0.008197563966254288
G1020-614,0,0.11320086887204071
G1020-616,0,0.014748887208703923
G1020-617,0,0.0413305546297051
G1020-618,0,0.021322581739692148
G1020-619,0,0.003799381238443423
G1020-621,0,0.07762945021636802
G1020-622,0,0.0610692734404483
G1020-623,0,0.07436313455782254
G1020-624,0,0.026412722035172614
G1020-625,0,0.022584595506878354
G1020-626,0,0.014849194759595261
G1020-628,0,0.1483093160519076
G1020-629,0,0.24902286646387128
G1020-63,0,0.008224536383364825
G1020-631,0,0.02526996961525925
G1020-632,0,0.036773756703610494
G1020-634,0,0.0026248939687893032
G1020-635,0,0.0030460352677873985
G1020-636,0,0.00253886327503406
G1020-637,0,0.04523216412625939
G1020-638,0,0.2843442141928956
G1020-639,0,0.0011244400215205785
G1020-640,0,0.14397837336270788
G1020-641,0,0.028544518710207193
G1020-643,0,0.003136773615741613
G1020-646,0,0.094684173760412
G1020-648,0,0.01907414620510145
G1020-649,0,0.0028197878235018633
G1020-650,0,0.013649836280968667
G1020-651,0,0.03545838494458262
G1020-652,0,0.02653160904357986
G1020-653,0,0.028378652331706628
G1020-654,0,0.02220121631415032
G1020-655,0,0.044099483093460755
G1020-656,0,0.12420211623437422
G1020-657,0,0.012190820764878487
G1020-658,0,0.05283781466829511
G1020-659,0,0.022723595182382084
G1020-66,0,0.08078224488515968
G1020-660,0,0.04487125985779875
G1020-661,0,0.010757033900465994
G1020-663,0,0.3520151646686623
G1020-665,0,0.0930436466646931
G1020-666,0,0.007536251116303154
G1020-667,0,0.02701299165888632
G1020-668,0,0.07993347987989775
G1020-669,0,0.029292089584898456
G1020-67,0,0.021140778578457226
G1020-671,0,0.013842473914069228
G1020-672,0,0.02753642151067433
G1020-674,0,0.011154105510163204
G1020-676,0,0.005412913241726311
G1020-677,0,0.00675966307594537
G1020-678,0,0.014936364995602478
G1020-679,0,0.013790794677326246
G1020-68,0,0.022796183773682966
G1020-680,0,0.07609022947311873
G1020-682,0,0.0903991713856782
G1020-683,0,0.040579495904840716
G1020-684,0,0.010051434524946402
G1020-686,0,0.04206768954617567
G1020-687,0,0.0042734587334494235
G1020-688,0,0.020339459937853372
G1020-69,0,0.019891707518080774
G1020-691,0,0.006491223439477997
G1020-693,1,0.7395257109910239
G1020-695,0,0.012394343010366024
G1020-696,0,0.0097668483450761
G1020-697,0,0.06909812057383519
G1020-698,0,0.013024631412323849
G1020-699,0,0.02224138129389601
G1020-70,0,0.011229266267672027
G1020-700,0,0.02446450737042993
G1020-701,0,0.004203590133217721
G1020-702,0,0.01455070798670881
G1020-704,0,0.005159382901990865
G1020-707,0,0.12745464473613788
G1020-708,0,0.004926676833223899
G1020-709,0,0.02487170753295945
G1020-71,0,0.014490545146377954
G1020-710,0,0.01960470623770181
G1020-711,0,0.0177261839362261
G1020-712,0,0.008714519216597954
G1020-713,0,0.01591204027863328
G1020-714,0,0.00019813605042316807
G1020-715,0,0.01649860933762604
G1020-717,0,0.011473156029378366
G1020-719,0,0.009570089562184903
G1020-72,0,0.020077982269639017
G1020-720,0,0.04683699630672164
G1020-721,0,0.04748203545749576
G1020-722,0,0.022513425073542398
G1020-723,0,0.06425669862822524
G1020-724,0,0.01204278696525497
G1020-725,0,0.03285660855205437
G1020-726,0,0.024559399456831176
G1020-727,0,0.028419315703862275
G1020-728,0,0.014796925345326697
G1020-729,0,0.022085579875399525
G1020-73,0,0.05218149162703213
G1020-730,0,0.014966673877598386
G1020-731,0,0.07324658032556239
G1020-732,0,0.082914243271503
G1020-733,0,0.11269582310498164
G1020-734,0,0.027609944304818147
G1020-735,0,0.027916912969899343
G1020-736,0,0.0170313187946546
G1020-737,0,0.011320696916781272
G1020-738,0,0.008612137216972099
G1020-740,0,0.01638695363895184
G1020-741,0,0.005162312270428526
G1020-742,0,0.03607466049068045
G1020-743,0,0.017200786621972514
G1020-744,0,0.2739657705379932
G1020-745,0,0.035850603840402
G1020-747,0,0.03160194977953153
G1020-748,0,0.06633512855802197
G1020-75,1,0.7780287160098637
G1020-750,0,0.03468682975090356
G1020-751,0,0.04049612082054442
G1020-752,0,0.08049190876786196
G1020-756,0,0.011851354682207741
G1020-757,0,0.0676914949329181
G1020-758,0,0.09548097979892403
G1020-759,0,0.18065413743917508
G1020-76,0,0.009334214702120328
G1020-760,0,0.009519948461242949
G1020-761,0,0.022932905681079696
G1020-764,0,0.00787966369985104
G1020-765,0,0.008940058417450613
G1020-766,0,0.044454592789980124
G1020-768,0,0.005927711203843752
G1020-770,0,0.18863532776901112
G1020-771,0,0.042627596045629844
G1020-772,0,0.057981002583543294
G1020-773,0,0.0022660031969177603
G1020-775,0,0.0038871227678679656
G1020-777,0,0.04178611014311884
G1020-778,0,0.00018687061736234373
G1020-779,0,0.028575834624119525
G1020-78,0,0.027615388578499853
G1020-780,0,0.032907293145750596
G1020-782,1,0.6977203830810246
G1020-783,0,0.032069716013985096
G1020-784,0,0.0419392266190283
G1020-786,0,0.052473052541723006
G1020-789,0,0.045956615341415694
G1020-79,0,0.02682486243779827
G1020-791,1,0.8343340636656662
G1020-793,0,0.026359942663354542
G1020-794,0,0.002274508774413052
G1020-795,0,0.05869120124031869
G1020-796,0,0.08240304613066822
G1020-797,0,0.01997942309001654
G1020-798,0,0.012930532331137883
G1020-80,0,0.4713625063763952
G1020-800,0,0.011729930173306653
G1020-801,0,0.004880837852263254
G1020-802,0,0.029957915357275197
G1020-803,0,0.01938988934625589
G1020-804,0,0.14979506589704625
G1020-805,0,0.004466306879493861
G1020-807,0,0.022979528024246382
G1020-808,0,0.00968904393822928
G1020-809,0,0.08410037326113762
G1020-81,0,0.02542545284106694
G1020-810,0,0.04369202788946612
G1020-811,0,0.015429922804877864
G1020-812,0,0.18725927335539114
G1020-814,0,0.002179525968011669
G1020-816,0,0.007702683191582047
G1020-817,0,0.007596720738472643
G1020-818,0,0.015559518863688598
G1020-821,0,0.016622760728998057
G1020-822,0,0.0012536286053347358
G1020-823,0,0.0401945524238989
G1020-825,0,0.011783531628978173
G1020-826,0,0.04909394056388362
G1020-827,0,0.005425922905988155
G1020-828,0,0.04067694744561434
G1020-829,0,0.015033426774775916
G1020-83,0,0.04627295985672611
G1020-830,0,0.002272326843916183
G1020-831,0,0.0220062362593414
G1020-832,0,0.09814946053719346
G1020-834,0,0.019929667737221157
G1020-835,0,0.01713775950586478
G1020-836,0,0.019042215910602362
G1020-837,0,0.061141915779425605
G1020-838,0,0.04185977924376599
G1020-839,0,0.17258281519334756
G1020-84,0,0.05321859905903031
G1020-840,0,0.006539896423769909
G1020-841,0,0.025266225293861154
G1020-843,0,0.03707466060732695
G1020-845,0,0.013932620340827102
G1020-846,0,0.05622551643351945
G1020-847,0,0.09234159309211597
G1020-848,0,0.013176237976459948
G1020-849,0,0.08787360992640664
G1020-85,0,0.005009271916193823
G1020-851,0,0.027168596537489344
G1020-852,0,0.056708335178071466
G1020-854,0,0.01742189021979239
G1020-855,0,0.010931863046499811
G1020-857,0,0.02645469151263446
G1020-858,0,0.017355418525799277
G1020-859,0,0.016249685895748277
G1020-86,0,0.13271479851149648
G1020-860,0,0.03126742767577302
G1020-861,0,0.030788608755707023
G1020-863,0,0.008179917198600783
G1020-864,0,0.04650342703376399
G1020-865,0,0.005883467146863068
G1020-866,0,0.06565217507418708
G1020-867,0,0.012821419578587977
G1020-868,0,0.08046662593994572
G1020-869,0,0.053233403550170345
G1020-87,1,0.5027984678968819
G1020-870,0,0.011663299513285024
G1020-871,0,0.11499256996025166
G1020-872,0,0.018150068900317878
G1020-874,0,0.06918320054283403
G1020-876,0,0.03713599862054318
G1020-879,0,0.015069097334683038
G1020-88,0,0.006156840233774708
G1020-881,0,0.0082579882741273
G1020-882,0,0.02430726682563065
G1020-883,0,0.004874334018445667
G1020-884,0,0.004789374702882769
G1020-887,0,0.2193314520342457
G1020-888,0,0.003521245238776304
G1020-89,0,0.019892354413847044
G1020-890,0,0.0034327219563452774
G1020-891,0,0.0814789530230928
G1020-892,0,0.026950404062081042
G1020-893,0,0.0023174501759941663
G1020-894,0,0.02751171925724636
G1020-895,0,0.007752952764465719
G1020-897,0,0.025718582863129717
G1020-899,0,0.019213459157563357
G1020-9,0,0.09379095107987578
G1020-901,0,0.011498317074452959
G1020-902,0,0.0028591565306569904
G1020-903,0,0.030934206253178612
G1020-904,0,0.011872163829572001
G1020-905,0,0.02358958675770937
G1020-906,0,0.018772695408863383
G1020-908,0,0.16325298058073112
G1020-909,0,0.008469308369827493
G1020-91,0,0.049021810122354806
G1020-910,0,0.08291611590983988
G1020-911,0,0.032942952140593194
G1020-912,0,0.06946128040944473
G1020-913,0,0.0241424656977084
G1020-914,0,0.03263306225575987
G1020-915,0,0.002071275854809305
G1020-916,0,0.0035414967865259298
G1020-917,0,0.0020109670319632977
G1020-920,0,0.013183927114630872
G1020-921,0,0.04048658094803003
G1020-922,0,0.01419563903125711
G1020-923,0,0.009337420981182575
G1020-925,0,0.00504452387463976
G1020-927,0,0.028954509657813564
G1020-928,0,0.015830266813179405
G1020-93,0,0.12552028777967017
G1020-930,0,0.008490644485588594
G1020-931,0,0.08357545992072
G1020-932,0,0.002732258514708203
G1020-933,1,0.5279387102046412
G1020-934,0,0.03189127987862117
G1020-936,0,0.010295566394621062
G1020-938,0,0.017495525234426216
G1020-939,0,0.033032801694889896
G1020-940,0,0.018650242424129753
G1020-941,0,0.07760382233966444
G1020-942,0,0.004693763869095303
G1020-943,0,0.016780706473977117
G1020-944,0,0.05927296609381141
G1020-945,0,0.05841477616651723
G1020-946,0,0.013855184308869369
G1020-947,0,0.013747250290313371
G1020-948,0,0.0225483322839401
G1020-950,0,0.010921352803669904
G1020-952,0,0.0584847806894844
G1020-954,0,0.0028167310365097135
G1020-955,0,0.09299677044979655
G1020-956,0,0.10062357945658322
G1020-958,0,0.03858284326327372
G1020-96,0,0.043351824205012615
G1020-960,0,0.00894996825207871
G1020-961,0,0.05049929205601624
G1020-962,0,0.09191037859116594
G1020-963,0,0.017986567297612218
G1020-964,0,0.006854837462615516
G1020-965,0,0.05344283609482925
G1020-966,0,0.01992421502189174
G1020-967,0,0.024045946090417387
G1020-968,0,0.05417484748952874
G1020-970,0,0.03215500084443313
G1020-971,0,0.00967485148256886
G1020-972,0,0.015722985432209912
G1020-973,0,0.052577748976176245
G1020-974,0,0.07664213337077658
G1020-975,0,0.09951371482902235
G1020-977,0,0.03743247916192805
G1020-978,0,0.03239407907891709
G1020-979,0,0.02348031809770184
G1020-98,0,0.00866012723106963
G1020-980,0,0.04211749974325516
G1020-981,0,0.060719578101020015
G1020-982,0,0.15281121813882376
G1020-983,0,0.08158385613522084
G1020-984,0,0.016221411416580254
G1020-986,0,0.011081456911082468
G1020-987,1,0.6598547748898301
G1020-988,0,0.011337506425550628
G1020-989,0,0.059710241980396726
G1020-99,0,0.17416591358610603
G1020-991,0,0.02769700697377701
G1020-992,0,0.009679887067887706
G1020-993,0,0.03939050036766313
G1020-994,0,0.020444881613546382
G1020-995,0,0.01220072623181594
G1020-996,0,0.05965158660386605
G1020-997,0,0.08787507309669276
G1020-998,0,0.08363776513436323
G1020-999,0,0.15137197393241003
ORIGA-1,0,0.3285285597482929
ORIGA-10,0,0.04481852763713064
ORIGA-100,0,0.11093275160622083
ORIGA-101,0,0.09497237873625249
ORIGA-102,0,0.13293352863798655
ORIGA-103,0,0.13707733904774771
ORIGA-104,0,0.08268665112867365
ORIGA-105,0,0.48940716640206916
ORIGA-106,0,0.036937768723572635
ORIGA-107,0,0.02410329554346914
ORIGA-108,0,0.07322980781202508
ORIGA-109,0,0.12819701213161142
ORIGA-11,0,0.24280471628359251
ORIGA-110,0,0.2389523527925319
ORIGA-111,0,0.0746668828365526
ORIGA-112,0,0.3712343376169515
ORIGA-113,0,0.22342456110987607
ORIGA-114,0,0.05896908619184549
ORIGA-115,0,0.0543521685150407
ORIGA-116,1,0.6658311802187173
ORIGA-117,1,0.686772358865281
ORIGA-118,0,0.12642706079448038
ORIGA-119,0,0.24418895068725952
ORIGA-12,0,0.08954476127418193
ORIGA-120,0,0.22578955846471999
ORIGA-121,0,0.34169903581488503
ORIGA-122,0,0.027633037485920043
ORIGA-123,0,0.03963402295251698
ORIGA-124,1,0.9690326040352598
ORIGA-125,0,0.09360070272090457
ORIGA-126,0,0.10588466203088692
ORIGA-127,0,0.03951676117978238
ORIGA-128,0,0.12115017521540891
ORIGA-129,0,0.06058523006562871
ORIGA-13,0,0.09658721505017545
ORIGA-130,0,0.020666840932525972
ORIGA-131,0,0.017633183719422806
ORIGA-132,0,0.012856706045196249
ORIGA-133,0,0.14953964685940227
ORIGA-134,0,0.29077733476007667
ORIGA-135,0,0.0708865025683959
ORIGA-136,0,0.05457981524574179
ORIGA-137,0,0.43101147548321905
ORIGA-138,0,0.28385804022456873
ORIGA-139,0,0.017617396087942203
ORIGA-14,0,0.25647264873778425
ORIGA-140,0,0.021452049785919764
ORIGA-141,0,0.08291681480901393
ORIGA-142,0,0.14221890457992037
ORIGA-143,0,0.06377255230664639
ORIGA-144,0,0.05155115493632788
ORIGA-145,0,0.03166189361926343
ORIGA-146,0,0.0672567643728369
ORIGA-147,0,0.009015547562067634
ORIGA-148,0,0.009352133664493407
ORIGA-149,0,0.03293897184674489
ORIGA-15,0,0.2014779100476673
ORIGA-150,0,0.05904579362561418
ORIGA-151,1,0.5315501770934026
ORIGA-152,0,0.32668323796336257
ORIGA-153,0,0.03871265991356247
ORIGA-154,0,0.15137410756861963
ORIGA-155,0,0.10320462124913606
ORIGA-156,0,0.14570740740920174
ORIGA-157,0,0.016299945796058417
ORIGA-158,1,0.9633771009850584
ORIGA-159,1,0.9139497419330527
ORIGA-16,0,0.12926094255402348
ORIGA-160,1,0.8613351591143499
ORIGA-161,0,0.34839980526273223
ORIGA-162,0,0.34728135460566034
ORIGA-163,0,0.018463161734155777
ORIGA-164,0,0.12326089909177006
ORIGA-165,0,0.3055233121507719
ORIGA-166,1,0.6848522800191467
ORIGA-167,0,0.14204513912485864
ORIGA-168,0,0.34392815368249685
ORIGA-169,0,0.18906231413931945
ORIGA-17,0,0.1241508656030505
ORIGA-170,0,0.1943724023081944
ORIGA-171,1,0.566143300110568
ORIGA-172,0,0.2775614025507432
ORIGA-173,0,0.45983261048713936
ORIGA-174,0,0.1447369504228756
ORIGA-175,0,0.09119246453372798
ORIGA-176,0,0.07771844706867685
ORIGA-177,0,0.2388925644569839
ORIGA-178,0,0.1883835650341034
ORIGA-179,0,0.06098275257396606
ORIGA-18,0,0.17655978394826569
ORIGA-180,1,0.5826766071545241
ORIGA-181,1,0.6668242052732413
ORIGA-182,0,0.2561219601178956
ORIGA-183,0,0.3221162646601622
ORIGA-184,0,0.1366963156273008
ORIGA-185,0,0.07808720371852598
ORIGA-186,0,0.11935650725736413
ORIGA-187,0,0.09513931607062315
ORIGA-188,0,0.1612023101112397
ORIGA-189,0,0.025899273459178564
ORIGA-19,0,0.06578191170212126
ORIGA-190,0,0.13958234627950716
ORIGA-191,0,0.05765140340692777
ORIGA-192,0,0.006070822103337361
ORIGA-193,0,0.052594203940419804
ORIGA-194,0,0.15844555127046775
ORIGA-195,0,0.35718809290237596
ORIGA-196,0,0.2921335783701333
ORIGA-197,0,0.3743218321540983
ORIGA-198,0,0.13783555819769142
ORIGA-199,0,0.026431609523702538
ORIGA-2,0,0.45508378010793593
ORIGA-20,0,0.03766664125006818
ORIGA-200,0,0.0012253980035665342
ORIGA-201,0,0.0021053499798672367
ORIGA-202,0,0.008059527916196223
ORIGA-203,0,0.003579958125140499
ORIGA-204,0,0.09533295290467074
ORIGA-205,0,0.0568223545739214
ORIGA-206,0,0.015506424191769041
ORIGA-207,0,0.188757579736722
ORIGA-208,0,0.10757603225673017
ORIGA-209,0,0.13050007839044425
ORIGA-21,0,0.17583355915682156
ORIGA-210,0,0.06891640263573896
ORIGA-211,0,0.08108108687772515
ORIGA-212,0,0.063357118148919
ORIGA-213,0,0.23845314518158534
ORIGA-214,0,0.3639952346136554
ORIGA-215,0,0.23659059129098808
ORIGA-216,0,0.09386569691428535
ORIGA-217,0,0.08628234140791408
ORIGA-218,0,0.1319198109974027
ORIGA-219,0,0.0889580577360908
ORIGA-22,0,0.2761835562352949
ORIGA-220,0,0.041177986616049475
ORIGA-221,0,0.1223775630231188
ORIGA-222,0,0.13197294757527367
ORIGA-223,0,0.16737453911533734
ORIGA-224,0,0.34947024391035186
ORIGA-225,1,0.5345245569368763
ORIGA-226,0,0.02154638105711388
ORIGA-227,0,0.003676271440919508
ORIGA-228,0,0.10084179853811687
ORIGA-229,1,0.9514942057925914
ORIGA-23,0,0.1450781229639255
ORIGA-230,0,0.09073932224620608
ORIGA-231,0,0.0886479846428423
ORIGA-232,1,0.9487447153608598
ORIGA-233,1,0.9521725352204955
ORIGA-234,0,0.05675044150585846
ORIGA-235,0,0.07043358136705744
ORIGA-236,0,0.0809523320318713
ORIGA-237,0,0.14429147366731762
ORIGA-238,0,0.0361677095427836
ORIGA-239,0,0.011802265591162587
ORIGA-24,0,0.16079043427044673
ORIGA-240,0,0.16648389111051323
ORIGA-241,1,0.8091360991023985
ORIGA-242,0,0.09566180405974653
ORIGA-243,0,0.13746245546583888
ORIGA-244,0,0.11634252329519512
ORIGA-245,0,0.1440407254669705
ORIGA-246,0,0.23473264223796225
ORIGA-247,0,0.13420862834613576
ORIGA-248,0,0.35555904080316125
ORIGA-249,0,0.11646676672398579
ORIGA-25,0,0.12337152286510267
ORIGA-250,0,0.01578400922230862
ORIGA-251,0,0.087705162113252
ORIGA-252,0,0.044870942202296184
ORIGA-253,0,0.0350560012927746
ORIGA-254,0,0.08728355736484583
ORIGA-255,0,0.12531494771009585
ORIGA-256,0,0.11964699305182744
ORIGA-257,0,0.3064270582488132
ORIGA-258,0,0.17996716771602406
ORIGA-259,0,0.060199592169932835
ORIGA-26,0,0.4197865674890897
ORIGA-260,0,0.02244656471458612
ORIGA-261,0,0.06057101971773983
ORIGA-262,0,0.016374963362554368
ORIGA-263,0,0.0793956066741738
ORIGA-264,0,0.10885543504921648
ORIGA-265,0,0.09162533812700069
ORIGA-266,0,0.0892192520519741
ORIGA-267,0,0.034452730091165285
ORIGA-268,0,0.059915749573956595
ORIGA-269,1,0.8238113096947532
ORIGA-27,0,0.38447589579671626
ORIGA-270,0,0.412299468049686
ORIGA-271,0,0.13245092695710037
ORIGA-272,0,0.04533035777418136
ORIGA-273,0,0.4084480388742624
ORIGA-274,0,0.09209957246296055
ORIGA-275,0,0.07236765850345989
ORIGA-276,0,0.053032250227971936
ORIGA-277,0,0.45487126341984857
ORIGA-278,1,0.5282345704917579
ORIGA-279,0,0.0603489345199219
ORIGA-28,0,0.04250054036196195
ORIGA-280,0,0.04853737387723908
ORIGA-281,0,0.015137350073436289
ORIGA-282,0,0.3103197687549462
ORIGA-283,0,0.05029184838468615
ORIGA-284,1,0.9836229239611466
ORIGA-285,0,0.16225806814726318
ORIGA-286,0,0.3926702171711871
ORIGA-287,0,0.12779656905330547
ORIGA-288,0,0.20184170681099114
ORIGA-289,0,0.10043423655089694
ORIGA-29,0,0.32395170774938226
ORIGA-290,0,0.43220138410883546
ORIGA-291,0,0.2886845213110432
ORIGA-292,0,0.3827821039700918
ORIGA-293,0,0.08784227215832296
ORIGA-294,0,0.4968972143790181
ORIGA-295,0,0.02790758448754297
ORIGA-296,0,0.025648958353718984
ORIGA-297,0,0.23829617567966602
ORIGA-298,0,0.07083852279188124
ORIGA-299,0,0.3278170134508767
ORIGA-3,1,0.9984330656661308
ORIGA-30,0,0.4319871725256617
ORIGA-300,0,0.24531904394071255
ORIGA-301,0,0.43802618044516733
ORIGA-302,0,0.11439041973571985
ORIGA-303,0,0.21227573905782626
ORIGA-304,0,0.2261511975158852
ORIGA-305,0,0.4167030228910956
ORIGA-306,1,0.684302056662502
ORIGA-307,0,0.1187563266491024
ORIGA-308,0,0.4642457357108806
ORIGA-309,0,0.26013783198370816
ORIGA-31,0,0.3066313611878271
ORIGA-310,0,0.33304948325384837
ORIGA-311,0,0.1818614514121213
ORIGA-312,0,0.22547555660169757
ORIGA-313,0,0.3148198917233606
ORIGA-314,0,0.44266055041605823
ORIGA-315,0,0.31967899900802393
ORIGA-316,1,0.6122210830287907
ORIGA-317,0,0.08096241914517789
ORIGA-318,0,0.04517135187051432
ORIGA-319,0,0.45595404744011103
ORIGA-32,0,0.04678492356689738
ORIGA-320,1,0.5480828510127512
ORIGA-321,0,0.15120110812554707
ORIGA-322,0,0.1726779512208604
ORIGA-323,0,0.0859531857203678
ORIGA-324,0,0.07876953288040867
ORIGA-325,0,0.057099898516088
ORIGA-326,0,0.32112909432315756
ORIGA-327,1,0.9643647183370418
ORIGA-328,0,0.3660137342986554
ORIGA-329,0,0.16206314075215067
ORIGA-33,0,0.03541388978380618
ORIGA-330,0,0.11062811093545412
ORIGA-331,0,0.06611078437271055
ORIGA-332,0,0.17835938262514067
ORIGA-333,0,0.16103928634037082
ORIGA-334,0,0.4366522955562915
ORIGA-335,0,0.1893984083843762
ORIGA-336,1,0.5073646323353792
ORIGA-337,0,0.13175812453164903
ORIGA-338,0,0.46142033018972883
ORIGA-339,1,0.6425205317447753
ORIGA-34,0,0.10505448426115717
ORIGA-340,1,0.9270423755414732
ORIGA-341,0,0.029600771314813982
ORIGA-342,0,0.09975299616142154
ORIGA-343,0,0.41388955279778333
ORIGA-344,0,0.29942759280163855
ORIGA-345,1,0.9316606016458924
ORIGA-346,0,0.13073135036803432
ORIGA-347,0,0.40042856252222564
ORIGA-348,0,0.1764057304220997
ORIGA-349,0,0.27417622167991795
ORIGA-35,0,0.05747580134900899
ORIGA-350,0,0.09885378240766834
ORIGA-351,0,0.006429266817848552
ORIGA-352,0,0.17998642239300247
ORIGA-353,0,0.08336777278456262
ORIGA-354,0,0.11980722098416534
ORIGA-355,0,0.22230302885712613
ORIGA-356,0,0.4396207475488936
ORIGA-357,0,0.23349617738776082
ORIGA-358,1,0.5264014594155609
ORIGA-359,0,0.09893468835292744
ORIGA-36,0,0.04128232076846458
ORIGA-360,0,0.18340621719781117
ORIGA-361,0,0.2296240838001479
ORIGA-362,1,0.9333164480084064
ORIGA-363,1,0.7054155758817013
ORIGA-364,0,0.2914299696766589
ORIGA-365,0,0.17364463522521995
ORIGA-366,1,0.6162357192174684
ORIGA-367,1,0.5232157001150372
ORIGA-368,0,0.31867645496134495
ORIGA-369,0,0.1426647578873591
ORIGA-37,0,0.0062886012261916145
ORIGA-370,0,0.2782070375793522
ORIGA-371,0,0.24188119288583534
ORIGA-372,0,0.2244312796115318
ORIGA-373,0,0.1613241392024501
ORIGA-374,0,0.07746721386073784
ORIGA-375,0,0.02346292385281379
ORIGA-376,0,0.0077323743616516645
ORIGA-377,1,0.5955682275148558
ORIGA-378,0,0.35234111860961964
ORIGA-379,0,0.25715798679896196
ORIGA-38,0,0.1713546100180148
ORIGA-380,0,0.21252216602082083
ORIGA-381,0,0.33070352190004176
ORIGA-382,0,0.3422010263654492
ORIGA-383,1,0.9347293600328952
ORIGA-384,0,0.07854403163727927
ORIGA-385,1,0.5554153139761
ORIGA-386,1,0.5026236513036685
ORIGA-387,1,0.7882136065258586
ORIGA-388,0,0.034636068401935435
ORIGA-389,0,0.2158948550523108
ORIGA-39,0,0.06413068819663922
ORIGA-390,0,0.47127690343304984
ORIGA-391,0,0.22852283746305235
ORIGA-392,0,0.12022820711799145
ORIGA-393,0,0.4602199859407918
ORIGA-394,0,0.1373324572687484
ORIGA-395,0,0.25785872690617184
ORIGA-396,0,0.18462236772329743
ORIGA-397,0,0.14647820241539042
ORIGA-398,1,0.6597789760968452
ORIGA-399,0,0.18194914914398172
ORIGA-4,1,0.6178253882023815
ORIGA-40,0,0.2204881631312068
ORIGA-400,0,0.044313897372771596
ORIGA-401,0,0.14166416851843383
ORIGA-402,1,0.5134721492685815
ORIGA-403,0,0.30905569845910785
ORIGA-404,0,0.06597183760388771
ORIGA-405,0,0.10122411662878547
ORIGA-406,0,0.4892320980033155
ORIGA-407,1,0.8702038116717565
ORIGA-408,0,0.09520192407124117
ORIGA-409,0,0.031921190912316835
ORIGA-41,0,0.332958271464155
ORIGA-410,0,0.010604432396928874
ORIGA-411,0,0.020373182626056707
ORIGA-412,0,0.05678172895553475
ORIGA-413,0,0.05849845078514996
ORIGA-414,0,0.021889617064052416
ORIGA-415,0,0.017303860366449503
ORIGA-416,0,0.12785423859437725
ORIGA-417,0,0.2742248535717679
ORIGA-418,0,0.33652119365161326
ORIGA-419,0,0.15729989425160448
ORIGA-42,0,0.37527860353341164
ORIGA-420,0,0.04968846761209244
ORIGA-421,0,0.13683507708219603
ORIGA-422,0,0.08469252723621452
ORIGA-423,0,0.08139580752747896
ORIGA-424,1,0.5689864191490395
ORIGA-425,0,0.021279163484869648
ORIGA-426,0,0.3111456242010975
ORIGA-427,0,0.3161591070564079
ORIGA-428,1,0.52917362570464
ORIGA-429,1,0.623212130592357
ORIGA-43,0,0.35264772863108024
ORIGA-430,0,0.05860010272602997
ORIGA-431,0,0.17440906033647316
ORIGA-432,1,0.6351444376322825
ORIGA-433,0,0.275274948171473
ORIGA-434,0,0.07936314697082224
ORIGA-435,0,0.059701720930218014
ORIGA-436,0,0.119065671475972
ORIGA-437,0,0.13653860811656596
ORIGA-438,0,0.2954373749185126
ORIGA-439,0,0.43045485065914796
ORIGA-44,0,0.04781153402672933
ORIGA-440,1,0.9070352760814338
ORIGA-441,1,0.9072984979179888
ORIGA-442,1,0.706666536539316
ORIGA-443,1,0.5627339304172767
ORIGA-444,0,0.24185000478454863
ORIGA-445,0,0.16787943417276066
ORIGA-446,0,0.13032643050073495
ORIGA-447,0,0.1789540442189723
ORIGA-448,0,0.20725448182907222
ORIGA-449,0,0.12841613640573088
ORIGA-45,1,0.5179612207809069
ORIGA-450,0,0.05615042792889831
ORIGA-451,0,0.09298514302651605
ORIGA-452,0,0.13525523310826865
ORIGA-453,0,0.06709886920076533
ORIGA-454,0,0.039258041080348575
ORIGA-455,0,0.0231676721498601
ORIGA-456,0,0.0383881665598112
ORIGA-457,0,0.32821870228375133
ORIGA-458,0,0.33713670941828244
ORIGA-459,0,0.05631926897838876
ORIGA-46,0,0.17585907713430815
ORIGA-460,0,0.04102211310687563
ORIGA-461,0,0.18546487376751764
ORIGA-462,0,0.0539448213416243
ORIGA-463,1,0.7262830813527901
ORIGA-464,0,0.40558295922743004
ORIGA-465,0,0.19853170421269672
ORIGA-466,0,0.04420593809590792
ORIGA-467,0,0.22505285329502955
ORIGA-468,0,0.29911280752435626
ORIGA-469,0,0.013931913253995684
ORIGA-47,0,0.09712121148425798
ORIGA-470,0,0.017864972212444895
ORIGA-471,0,0.0778858898566607
ORIGA-472,0,0.08406962986582214
ORIGA-473,0,0.26272516314565453
ORIGA-474,0,0.29701976360085236
ORIGA-475,0,0.040439040408012376
ORIGA-476,0,0.0425791830728432
ORIGA-477,0,0.2122394552012581
ORIGA-478,0,0.21872528392575624
ORIGA-479,0,0.0733255655335155
ORIGA-48,0,0.043274591164443606
ORIGA-480,0,0.14613806318576314
ORIGA-481,0,0.1196284097922173
ORIGA-482,0,0.05710202814955822
ORIGA-483,0,0.07004878733324765
ORIGA-484,0,0.08156595370709747
ORIGA-485,0,0.04883886545626711
ORIGA-486,1,0.9786384278870468
ORIGA-487,0,0.08738130283188571
ORIGA-488,0,0.2699199161845223
ORIGA-489,0,0.12830844423143134
ORIGA-49,0,0.425668368230735
ORIGA-490,0,0.09344142424611804
ORIGA-491,0,0.10406098710437893
ORIGA-492,0,0.09455789209913193
ORIGA-493,0,0.02612559705548707
ORIGA-494,0,0.0652679546426237
ORIGA-495,0,0.0767016116185161
ORIGA-496,1,0.5099113489259939
ORIGA-497,1,0.6740349704589376
ORIGA-498,0,0.02395329726642493
ORIGA-499,0,0.015888812589600888
ORIGA-5,0,0.35269454827978963
ORIGA-50,1,0.5750365195415282
ORIGA-500,0,0.028598619862889686
ORIGA-501,0,0.03227479692363302
ORIGA-502,0,0.03041817616261424
ORIGA-503,0,0.0559949725000538
ORIGA-504,0,0.21959009135754384
ORIGA-505,0,0.4498775775681892
ORIGA-506,1,0.9594048873269788
ORIGA-507,1,0.7895348227760496
ORIGA-508,0,0.3599306820214316
ORIGA-509,0,0.3228142184449375
ORIGA-51,0,0.2766652795601446
ORIGA-510,1,0.5812209283480323
ORIGA-511,1,0.9083163244649206
ORIGA-512,1,0.8272184571916151
ORIGA-513,1,0.6001834497050648
ORIGA-514,0,0.37859046696747384
ORIGA-515,1,0.9528410122959619
ORIGA-516,1,0.9557501510820671
ORIGA-517,0,0.092879773257412
ORIGA-518,1,0.5452909549222223
ORIGA-519,1,0.7335790527393399
ORIGA-52,1,0.5692711825454791
ORIGA-520,1,0.8869256107431341
ORIGA-521,0,0.07310510696633903
ORIGA-522,0,0.027200829014623066
ORIGA-523,1,0.7709575571826843
ORIGA-524,1,0.7660994719731532
ORIGA-525,0,0.061518685814714355
ORIGA-526,0,0.12028835890732059
ORIGA-527,1,0.5348849143434233
ORIGA-528,1,0.5370073618226312
ORIGA-529,0,0.20059370794806022
ORIGA-53,0,0.3429899209827681
ORIGA-530,0,0.11600430784969427
ORIGA-531,0,0.22981379857569226
ORIGA-532,1,0.5264638161456022
ORIGA-533,1,0.6624911734264893
ORIGA-534,0,0.44446243620801595
ORIGA-535,0,0.12320678370335132
ORIGA-536,0,0.16253654108743235
ORIGA-537,0,0.06786108048198868
ORIGA-538,0,0.10630102158197123
ORIGA-539,0,0.036432937161428945
ORIGA-54,0,0.10368839029421385
ORIGA-540,0,0.01927879727487028
ORIGA-541,0,0.23435556970997723
ORIGA-542,0,0.22083571715468647
ORIGA-543,0,0.08759935516564746
ORIGA-544,0,0.13207762359060896
ORIGA-545,0,0.3758366273155167
ORIGA-546,0,0.36941392373118076
ORIGA-547,0,0.1037228082567015
ORIGA-548,0,0.10201535654579012
ORIGA-549,0,0.3683485835432237
ORIGA-55,0,0.23221978365407223
ORIGA-550,0,0.21320026552388904
ORIGA-551,0,0.11619630865916154
ORIGA-552,0,0.04324522774958296
ORIGA-553,0,0.021887971573021452
ORIGA-554,0,0.31444140508308843
ORIGA-555,0,0.09325233361681054
ORIGA-556,1,0.6875975914754482
ORIGA-557,0,0.14078330202037423
ORIGA-558,0,0.18315360230728361
ORIGA-559,0,0.2469511171757333
ORIGA-56,0,0.20328731287608998
ORIGA-560,0,0.48817634463716214
ORIGA-561,0,0.09097725174619611
ORIGA-562,0,0.11135498866557327
ORIGA-563,0,0.10914831951616355
ORIGA-564,0,0.06513798233088655
ORIGA-565,0,0.05816015336579983
ORIGA-566,0,0.02642410006984249
ORIGA-567,0,0.02754922899709878
ORIGA-568,0,0.027286102209733612
ORIGA-569,0,0.07275174494154031
ORIGA-57,0,0.06540959072169948
ORIGA-570,0,0.007078634637020733
ORIGA-571,1,0.7525617464751442
ORIGA-572,1,0.6283817339640012
ORIGA-573,0,0.06218085619526848
ORIGA-574,0,0.02508481765522711
ORIGA-575,0,0.023056561875173937
ORIGA-576,0,0.0436430010331927
ORIGA-577,1,0.6018479730181816
ORIGA-578,1,0.692498975328166
ORIGA-579,0,0.08691100890887095
ORIGA-58,0,0.20022883351009285
ORIGA-580,0,0.21161845343039948
ORIGA-581,0,0.4002998323584409
ORIGA-582,0,0.4077931789126893
ORIGA-583,0,0.12649317448444336
ORIGA-584,1,0.827283143663167
ORIGA-585,0,0.3426202470575363
ORIGA-586,0,0.41147660976406675
ORIGA-587,1,0.5152961930880576
ORIGA-588,1,0.5091933349032808
ORIGA-589,1,0.6461139809023625
ORIGA-59,0,0.13876440947241214
ORIGA-590,1,0.774523153146699
ORIGA-591,0,0.3439112575403232
ORIGA-592,0,0.4421373603947298
ORIGA-593,0,0.4819442378173876
ORIGA-594,0,0.3094771489292907
ORIGA-595,0,0.1782567940605846
ORIGA-596,0,0.16582743458036617
ORIGA-597,0,0.29314637962207346
ORIGA-598,0,0.09304776955271798
ORIGA-599,1,0.607594902206859
ORIGA-6,0,0.17421671855788137
ORIGA-60,0,0.05305583459686658
ORIGA-600,1,0.5714691670319169
ORIGA-601,0,0.3463038514644333
ORIGA-602,0,0.05276476970524095
ORIGA-603,0,0.3767141547259175
ORIGA-604,1,0.6313851831640902
ORIGA-605,1,0.6694436339040831
ORIGA-606,0,0.05336646658926714
ORIGA-607,0,0.44646099998465594
ORIGA-608,0,0.23672906704873906
ORIGA-609,0,0.062003283541834764
ORIGA-61,0,0.11700699795247677
ORIGA-610,0,0.21319545704944765
ORIGA-611,0,0.25274478715250437
ORIGA-612,0,0.26738279562031164
ORIGA-613,1,0.9304694584438404
ORIGA-614,1,0.7581053664129969
ORIGA-615,0,0.24639796631352529
ORIGA-616,0,0.010870995755117033
ORIGA-617,0,0.09884779770344672
ORIGA-618,0,0.43948518850585255
ORIGA-619,0,0.2846744475033394
ORIGA-62,0,0.03380669220341076
ORIGA-620,0,0.2474618468262611
ORIGA-621,1,0.9460017355833857
ORIGA-622,0,0.1339673791543694
ORIGA-623,0,0.04682031512208997
ORIGA-624,0,0.31058586453429693
ORIGA-625,0,0.16315028424255185
ORIGA-626,0,0.031376067483274005
ORIGA-627,0,0.06715028871310927
ORIGA-628,0,0.15401973273973496
ORIGA-629,0,0.11947449013952435
ORIGA-63,0,0.13262460488459613
ORIGA-630,0,0.05969051556175253
ORIGA-631,0,0.06488341458703413
ORIGA-632,0,0.1081082321664652
ORIGA-633,0,0.08815657041334252
ORIGA-634,0,0.033570695421661266
ORIGA-635,0,0.20408987020695754
ORIGA-636,0,0.13994636623475926
ORIGA-637,0,0.044902669345914574
ORIGA-638,0,0.07931561609543364
ORIGA-639,0,0.041102350740190384
ORIGA-64,0,0.019542479900991467
ORIGA-640,0,0.11618553989930587
ORIGA-641,0,0.05466327667218133
ORIGA-642,0,0.05612660516479886
ORIGA-643,0,0.20897657276868623
ORIGA-644,0,0.16139392640694064
ORIGA-645,0,0.4001054688651002
ORIGA-646,0,0.162893565068226
ORIGA-647,1,0.5577551624741965
ORIGA-648,0,0.06540615439918754
ORIGA-649,0,0.09200586016241008
ORIGA-65,0,0.05665723389431483
ORIGA-650,0,0.29776901794140564
ORIGA-66,0,0.15605412459548182
ORIGA-67,0,0.2059362533345031
ORIGA-68,0,0.47316202980753336
ORIGA-69,1,0.8713234431102935
ORIGA-7,0,0.13114950148522378
ORIGA-70,0,0.3928803270928042
ORIGA-71,0,0.15471056531632688
ORIGA-72,0,0.23401920811426102
ORIGA-73,0,0.11064253978242089
ORIGA-74,0,0.03956900027433823
ORIGA-75,1,0.5944930018123976
ORIGA-76,1,0.8855515741170046
ORIGA-77,0,0.07936940906544619
ORIGA-78,0,0.1141549445552618
ORIGA-79,0,0.3309097926059522
ORIGA-8,0,0.07656399606088232
ORIGA-80,0,0.25578204859594555
ORIGA-81,0,0.1355156989679448
ORIGA-82,0,0.08893289931911291
ORIGA-83,0,0.060526253204947464
ORIGA-84,0,0.3151274122741055
ORIGA-85,0,0.16792310758795737
ORIGA-86,0,0.24555283912734016
ORIGA-87,0,0.209670323169549
ORIGA-88,0,0.05013040213512675
ORIGA-89,0,0.046342585377913664
ORIGA-9,0,0.10067750752737524
ORIGA-90,0,0.12726070930616334
ORIGA-91,0,0.0400307392396387
ORIGA-92,0,0.0440515904466774
ORIGA-93,1,0.7968600771395397
ORIGA-94,0,0.13224636059873102
ORIGA-95,0,0.0241774545862265
ORIGA-96,0,0.03251633328821847
ORIGA-97,0,0.2413150658816264
ORIGA-98,0,0.1143647109172375
ORIGA-99,0,0.0637337963541937
PAPILA-10,1,0.8798607402018495
PAPILA-100,0,5.1482747460286416e-06
PAPILA-101,0,2.8605737060597263e-05
PAPILA-102,0,4.820921701126028e-06
PAPILA-103,0,0.00073346219031067
PAPILA-104,0,2.3704630150287565e-06
PAPILA-105,0,2.7917068691832757e-05
PAPILA-106,0,6.410489079327197e-05
PAPILA-107,0,7.209021536302667e-07
PAPILA-108,0,8.564958593918634e-06
PAPILA-109,0,6.438454275476034e-05
PAPILA-11,0,0.023494715483551476
PAPILA-110,0,4.0121461571654195e-07
PAPILA-111,0,5.494444873866378e-05
PAPILA-112,0,7.835535602470457e-08
PAPILA-113,0,5.126604057495556e-05
PAPILA-114,0,0.0026574692501018953
PAPILA-115,0,5.284745117938518e-05
PAPILA-116,0,0.009355489027838056
PAPILA-117,0,0.0003372354519985693
PAPILA-118,0,1.4315050421165467e-05
PAPILA-119,0,9.112968715073521e-05
PAPILA-12,0,0.005191914887755991
PAPILA-120,0,9.393388649155891e-05
PAPILA-121,0,7.369111000686499e-06
PAPILA-122,0,0.000909078898106827
PAPILA-123,0,5.115923186584981e-05
PAPILA-124,0,6.951957253939573e-08
PAPILA-125,0,3.2324382867689156e-05
PAPILA-126,0,1.302942517904288e-05
PAPILA-127,0,0.00023132198214742878
PAPILA-128,0,6.888733528961528e-05
PAPILA-129,0,0.007284847388638745
PAPILA-130,0,0.00818706153972288
PAPILA-131,0,5.148911051213855e-05
PAPILA-132,0,1.1427267327091882e-05
PAPILA-133,0,0.00015672911519321536
PAPILA-134,0,6.4135178915062854e-06
PAPILA-135,0,2.7091992990969346e-05
PAPILA-136,0,0.00016396351641669455
PAPILA-138,0,0.0004751012258052964
PAPILA-139,0,4.524817150951757e-05
PAPILA-14,0,1.0260786648431723e-06
PAPILA-140,0,2.6809431516694813e-06
PAPILA-141,0,0.00036979687365472206
PAPILA-142,0,0.0015168858941112908
PAPILA-143,0,5.181163455787653e-05
PAPILA-144,0,6.628318688161465e-06
PAPILA-145,0,6.95487727085569e-07
PAPILA-146,0,0.0010480630343897785
PAPILA-147,0,1.142236527398603e-05
PAPILA-148,0,0.0005015356186591288
PAPILA-15,0,0.011566786904741081
PAPILA-150,0,0.00010755673405414315
PAPILA-152,0,0.00011479189679565292
PAPILA-153,0,3.267646969961071e-05
PAPILA-154,0,0.00011834309990197533
PAPILA-155,0,0.0004277357711477881
PAPILA-156,0,3.91455843925749e-05
PAPILA-157,0,4.901600626834984e-06
PAPILA-158,0,2.1526054024101163e-06
PAPILA-159,0,1.7106781185677623e-05
PAPILA-16,0,0.02991926248021795
PAPILA-160,0,0.0002952467403592457
PAPILA-161,0,3.832433524101544e-08
PAPILA-162,0,6.2242624437324236e-06
PAPILA-163,0,1.3642375744947447e-05
PAPILA-164,0,0.003639817763810695
PAPILA-165,0,1.1879827991273188e-05
PAPILA-166,0,0.00023511059369358406
PAPILA-167,0,2.9257340894898282e-05
PAPILA-168,0,0.00011675819083762607
PAPILA-169,0,0.006489966157128976
PAPILA-17,1,0.9646185282512073
PAPILA-170,0,9.670122381598308e-05
PAPILA-171,0,0.001573459603500736
PAPILA-172,0,0.002482191848261259
PAPILA-173,0,0.000848274985338869
PAPILA-174,0,3.620850631091264e-05
PAPILA-175,0,3.6788848837765615e-06
PAPILA-176,0,1.0272689037370007e-05
PAPILA-177,0,5.839123822688996e-06
PAPILA-178,0,1.3224241386975394e-05
PAPILA-179,0,0.00017572555149888058
PAPILA-180,0,5.695390265382387e-07
PAPILA-181,0,7.115140014474647e-06
PAPILA-182,0,0.0003138306920659914
PAPILA-183,0,0.02247210808475267
PAPILA-184,0,0.00011633241023939978
PAPILA-185,0,0.001515305153159226
PAPILA-186,0,7.456966277709685e-06
PAPILA-187,0,8.49154521619951e-09
PAPILA-188,0,0.00016176134233748032
PAPILA-189,0,0.0004932350076061149
PAPILA-19,0,3.441591621366596e-05
PAPILA-190,0,1.3731888386535432e-05
PAPILA-191,0,0.00034910969326814255
PAPILA-192,0,0.00027112464278351595
PAPILA-193,0,4.4636355116740556e-05
PAPILA-194,0,0.0004990435428309074
PAPILA-195,0,5.730173542584982e-05
PAPILA-196,0,0.00011551157897813815
PAPILA-197,0,0.0001192040749094405
PAPILA-198,0,1.1154766258667266e-05
PAPILA-199,0,0.00029322722731383335
PAPILA-2,0,0.13863932831881884
PAPILA-20,0,0.00016036092225079325
PAPILA-200,0,2.041202363064202e-05
PAPILA-201,0,0.0008833492095623334
PAPILA-202,1,0.5676445098293794
PAPILA-203,0,8.733119143627816e-05
PAPILA-204,0,0.0002062159811464493
PAPILA-205,0,0.00013096309729515872
PAPILA-206,0,0.00010387372340321412
PAPILA-207,0,0.0012437469083619746
PAPILA-208,0,1.2272330326815401e-06
PAPILA-209,0,3.5289465384499316e-05
PAPILA-21,0,7.474107811841581e-05
PAPILA-210,0,8.847318949476572e-05
PAPILA-211,0,0.0001376574199449955
PAPILA-212,0,4.252509152839923e-05
PAPILA-213,0,0.00040463349250358474
PAPILA-214,0,2.3104196946179486e-05
PAPILA-215,0,3.8110401773735164e-05
PAPILA-216,0,2.5236764751833e-05
PAPILA-218,1,0.664022618150126
PAPILA-219,0,0.003096593120021754
PAPILA-22,0,2.9434727241564775e-06
PAPILA-220,0,4.2602936337754615e-05
PAPILA-221,0,1.977052792310222e-05
PAPILA-222,0,0.0003557536853344074
PAPILA-223,0,2.3435769404130012e-08
PAPILA-224,0,9.112619538462879e-07
PAPILA-225,0,7.606000286195816e-07
PAPILA-226,0,1.6818993873118785e-06
PAPILA-227,0,0.014030147673042968
PAPILA-228,0,2.4109336636772586e-06
PAPILA-23,0,0.00012073930359696773
PAPILA-230,0,0.00045206761338104106
PAPILA-231,0,2.6340060720604406e-06
PAPILA-232,0,0.000318643890989557
PAPILA-233,0,9.046374945714083e-07
PAPILA-234,0,0.0006166517756194608
PAPILA-235,0,0.0002842051932907335
PAPILA-236,0,4.1607071015160545e-05
PAPILA-237,0,4.452899328448315e-05
PAPILA-238,0,6.5212057848058936e-06
PAPILA-239,0,0.0003277364054571232
PAPILA-24,0,8.18483048292972e-05
PAPILA-240,0,6.689029217720612e-06
PAPILA-241,0,2.556634703581749e-06
PAPILA-242,0,4.8876947892983734e-05
PAPILA-243,0,0.0014959772151391178
PAPILA-244,0,0.07669048476021371
PAPILA-246,0,0.240594533702377
PAPILA-247,0,0.013378264583124572
PAPILA-25,0,0.0007874827025002571
PAPILA-252,1,0.8986521082447431
PAPILA-253,0,0.00016755173276924163
PAPILA-254,0,0.23429646001406557
PAPILA-255,1,0.6526756772219982
PAPILA-256,0,0.0017181149156577378
PAPILA-258,0,0.0009149956789940776
PAPILA-259,0,0.003752463126570557
PAPILA-26,0,8.494228456472553e-05
PAPILA-260,0,0.001464496225319919
PAPILA-261,1,0.5769882909894706
PAPILA-263,0,0.4245452904070961
PAPILA-264,0,0.0009566904647115292
PAPILA-265,0,9.907751560467346e-05
PAPILA-266,0,1.80613484731523e-06
PAPILA-267,0,0.00021015877846703538
PAPILA-268,0,0.00021154009570923058
PAPILA-269,0,0.0008858599157710891
PAPILA-27,0,0.0004964682319992004
PAPILA-270,0,1.927709087706534e-05
PAPILA-271,0,0.0007216688267674394
PAPILA-272,0,2.082812371316761e-05
PAPILA-273,0,5.0170957385144524e-06
PAPILA-274,0,0.0001340175996045691
PAPILA-275,0,2.9544349086594897e-05
PAPILA-276,0,1.7980386476687947e-05
PAPILA-277,0,0.00013538667050839895
PAPILA-279,0,0.0002679657367140529
PAPILA-28,0,5.5028120886114143e-05
PAPILA-280,0,1.5936826812372577e-05
PAPILA-281,0,0.0007292303617114811
PAPILA-283,0,0.0008436038939530232
PAPILA-284,0,0.0020304786679049393
PAPILA-285,0,0.0002725138144559525
PAPILA-286,0,0.001419567750240212
PAPILA-288,0,0.00044684535864206605
PAPILA-289,0,3.340491042450459e-06
PAPILA-29,0,5.932675682062957e-06
PAPILA-290,0,1.1609403802673673e-05
PAPILA-291,0,1.3125567202366723e-05
PAPILA-292,0,1.635319283703027e-05
PAPILA-293,0,0.012263779909504283
PAPILA-296,0,1.2029250095502914e-05
PAPILA-297,0,1.2134493167601091e-05
PAPILA-3,1,0.8968642473270596
PAPILA-30,0,7.904266510363805e-05
PAPILA-300,0,0.014951458666172176
PAPILA-301,0,1.8551690829558198e-06
PAPILA-303,0,0.009606473268444791
PAPILA-304,0,2.179111058152168e-05
PAPILA-305,0,0.002284397783659266
PAPILA-306,0,0.0001954279585619808
PAPILA-308,0,5.993314283499004e-05
PAPILA-31,0,1.6647067652330564e-05
PAPILA-312,0,0.004346845095721548
PAPILA-313,0,0.012426194362762582
PAPILA-317,0,2.9317219523237735e-06
PAPILA-319,0,0.0008461635311379981
PAPILA-32,0,2.898705092618387e-05
PAPILA-320,0,1.667843917632152e-05
PAPILA-324,0,0.00566605923458573
PAPILA-325,0,0.001321501842456544
PAPILA-329,0,5.632080561796467e-06
PAPILA-33,0,8.961301649931253e-05
PAPILA-330,0,0.00014716853790497318
PAPILA-331,0,0.0005667984180970031
PAPILA-332,0,0.00013568882194627568
PAPILA-333,0,1.801284474888278e-05
PAPILA-334,0,7.962713281005196e-06
PAPILA-335,0,0.010467896009366156
PAPILA-336,0,0.003149782713500706
PAPILA-337,0,0.0002470300177729137
PAPILA-338,0,0.0008051856951328205
PAPILA-339,0,0.0015908897495112077
PAPILA-340,0,0.00012139937689128899
PAPILA-341,0,5.2245882302991185e-05
PAPILA-342,0,1.7590825626296808e-05
PAPILA-343,0,0.0014866556448600555
PAPILA-344,0,4.62009311412604e-06
PAPILA-345,0,7.712959587736965e-05
PAPILA-346,0,9.167050221235437e-06
PAPILA-347,0,0.0015374952468452654
PAPILA-348,0,2.9260186202361683e-05
PAPILA-349,0,1.0842327635863073e-05
PAPILA-35,0,0.001269798937735367
PAPILA-350,0,8.680553613121073e-06
PAPILA-351,0,8.321629901102557e-07
PAPILA-352,0,0.00014419627933739444
PAPILA-353,0,0.00023505609401874137
PAPILA-354,0,3.2849269708471747e-06
PAPILA-355,0,2.6594793290783645e-05
PAPILA-356,0,1.3206657144612137e-05
PAPILA-357,0,0.003196469651175321
PAPILA-358,0,0.004545210913069784
PAPILA-359,0,2.0746163903795752e-05
PAPILA-36,1,0.9453679418830939
PAPILA-360,0,0.0023447192797918653
PAPILA-361,0,0.0010793595719487392
PAPILA-362,0,0.00016887231299671883
PAPILA-363,0,4.114207158101189e-07
PAPILA-364,0,0.00035926134919861137
PAPILA-365,0,3.795329379945549e-05
PAPILA-366,0,0.0015613094344299303
PAPILA-367,0,0.000160816837624865
PAPILA-368,0,8.821726448997103e-06
PAPILA-369,0,0.00013680966231791468
PAPILA-37,0,0.00020010108267514174
PAPILA-370,0,5.445723286789186e-06
PAPILA-371,0,0.0006943987651576516
PAPILA-372,0,0.0001961037327223221
PAPILA-373,0,0.0017178840409017946
PAPILA-374,0,0.0005147935070615682
PAPILA-375,0,0.00010714390824380985
PAPILA-376,0,4.659412172066216e-05
PAPILA-377,0,0.0012848439824410848
PAPILA-378,0,7.004622183742154e-07
PAPILA-379,0,9.879952251153718e-06
PAPILA-380,0,0.0009460576326506726
PAPILA-382,0,0.00030046217008047595
PAPILA-383,0,6.0925148044208616e-05
PAPILA-384,0,1.1731254894375355e-05
PAPILA-385,0,0.00019602958362594113
PAPILA-386,0,0.0004422834531289425
PAPILA-387,0,7.073127021560451e-06
PAPILA-388,0,0.00022204996291588336
PAPILA-389,0,3.813175217326557e-07
PAPILA-39,0,0.0009180637976207882
PAPILA-390,0,0.0005769940100365522
PAPILA-391,0,1.5797739105347928e-06
PAPILA-392,0,0.00021674151850066697
PAPILA-394,0,1.637919829656212e-05
PAPILA-396,0,8.80163275523651e-06
PAPILA-397,0,1.7028865852921246e-05
PAPILA-398,0,0.0005742077176131701
PAPILA-399,0,0.0002622532778310816
PAPILA-40,0,0.10328165523317553
PAPILA-400,0,1.4954705034653991e-05
PAPILA-401,0,1.814667484324882e-05
PAPILA-402,0,3.6435077043026493e-07
PAPILA-403,0,3.9310869467487436e-05
PAPILA-404,0,0.0029933200452530585
PAPILA-405,0,1.334876807672131e-06
PAPILA-406,0,1.8838687180454862e-06
PAPILA-407,0,1.910281069195263e-05
PAPILA-408,0,7.552234847212165e-06
PAPILA-409,0,1.1781210251768952e-05
PAPILA-41,0,0.007335228819634724
PAPILA-410,0,0.0006078361404617162
PAPILA-411,0,4.77587698526604e-05
PAPILA-412,0,0.00010017109256856384
PAPILA-413,0,0.000982764289560376
PAPILA-414,0,0.0001558856125573955
PAPILA-415,0,0.0013470090201339417
PAPILA-416,0,0.0002971365919589455
PAPILA-417,0,0.0003333644800420847
PAPILA-418,0,5.903315678581625e-06
PAPILA-419,0,1.4990018355203837e-05
PAPILA-42,1,0.9614085572219343
PAPILA-420,0,1.0807769694459667e-06
PAPILA-421,0,0.0013753161285931697
PAPILA-422,0,5.108833095758328e-06
PAPILA-423,0,0.00013563475662441794
PAPILA-424,0,1.286691704441268e-06
PAPILA-425,0,1.2806413062532774e-05
PAPILA-426,0,0.00022799005441773875
PAPILA-427,0,0.014489154504102729
PAPILA-428,0,0.00017821800899235364
PAPILA-429,0,0.0009060009717829344
PAPILA-430,0,5.6320766983170446e-05
PAPILA-431,0,7.676428653661128e-05
PAPILA-432,0,2.9764153592847955e-05
PAPILA-433,0,3.8420478441618614e-05
PAPILA-434,0,9.413747213893049e-06
PAPILA-435,0,0.0009449494863570987
PAPILA-436,0,0.0014782251772140276
PAPILA-437,0,7.891875289226916e-05
PAPILA-438,0,0.00015976631960148827
PAPILA-439,0,0.00014041876538836432
PAPILA-44,0,7.02284464026022e-05
PAPILA-440,0,0.002176412882040296
PAPILA-441,0,8.727852102561648e-05
PAPILA-442,0,3.147838463236397e-06
PAPILA-443,0,0.0006774754434157665
PAPILA-444,0,1.2752051964524647e-05
PAPILA-445,0,0.0004872028969343002
PAPILA-446,1,0.620337980968132
PAPILA-447,0,6.133332528133654e-05
PAPILA-448,0,5.7843288157729294e-05
PAPILA-449,0,0.0017802948855739215
PAPILA-45,0,0.0005701002854956932
PAPILA-450,0,0.00011891870549434285
PAPILA-451,0,0.00018294063507823147
PAPILA-452,0,1.809932383290683e-05
PAPILA-453,0,4.97715494758472e-06
PAPILA-454,0,0.000386803701556385
PAPILA-455,0,3.402475867679396e-05
PAPILA-456,0,2.597619117623153e-05
PAPILA-457,0,0.0001724266158869208
PAPILA-458,0,8.648432531800935e-05
PAPILA-459,0,0.0006245018311061927
PAPILA-46,0,0.0005691291800924772
PAPILA-460,0,2.0795525341377167e-05
PAPILA-462,0,8.183094020945747e-05
PAPILA-463,0,0.004211215357376935
PAPILA-464,0,0.0002044107609818582
PAPILA-465,0,3.860900477618757e-05
PAPILA-466,0,2.538438495344428e-05
PAPILA-467,0,7.658881180021852e-08
PAPILA-468,0,5.005999348736168e-07
PAPILA-469,0,4.24254963277061e-07
PAPILA-47,0,8.480197771100275e-05
PAPILA-470,0,5.155732430518767e-07
PAPILA-471,0,0.0038862885997918884
PAPILA-472,0,3.408050306633624e-06
PAPILA-474,0,0.0010805045772073597
PAPILA-475,0,2.8055798064701555e-06
PAPILA-476,0,9.215043410789926e-05
PAPILA-477,0,4.646516757803505e-07
PAPILA-478,0,0.0002309153786181968
PAPILA-479,0,0.0004930168053710191
PAPILA-48,0,0.18021107866925784
PAPILA-480,0,7.355219943000108e-05
PAPILA-481,0,2.5928932358798023e-05
PAPILA-482,0,2.1295868612705246e-05
PAPILA-483,0,0.0007668035502193413
PAPILA-484,0,6.774830337606994e-06
PAPILA-485,0,3.7228058466363606e-06
PAPILA-486,0,0.00029472420808248625
PAPILA-487,0,0.0009843860546443865
PAPILA-488,0,0.16660270151824905
PAPILA-49,0,0.1275123092633245
PAPILA-52,0,0.00011381825493258877
PAPILA-53,0,4.15978831589075e-05
PAPILA-56,0,0.12655501434296337
PAPILA-57,0,0.00021080670501790597
PAPILA-59,0,0.018514811554400823
PAPILA-60,0,0.00012000485496672921
PAPILA-61,0,0.008774846086572575
PAPILA-62,0,0.00011759943735612978
PAPILA-64,0,7.39930847254738e-05
PAPILA-68,0,4.100103553783744e-05
PAPILA-69,0,0.0001411075222323942
PAPILA-73,0,3.926896018593308e-05
PAPILA-75,0,0.022109885162913765
PAPILA-76,0,1.4949261999382844e-05
PAPILA-8,1,0.5539291250745297
PAPILA-80,0,0.0007214074760555409
PAPILA-81,0,0.0077816575612747125
PAPILA-85,0,1.487339509873009e-06
PAPILA-86,0,0.0020555456448072677
PAPILA-87,0,7.410201680653508e-05
PAPILA-88,0,0.0007175170646447456
PAPILA-89,0,3.224218560055854e-06
PAPILA-9,0,0.006848141639737336
PAPILA-90,0,6.6661521809965135e-06
PAPILA-91,0,0.002791906019053457
PAPILA-92,0,0.0009339366958132202
PAPILA-93,0,4.927898746896052e-05
PAPILA-94,0,0.00013174268394664255
PAPILA-95,0,8.9622518939644e-05
PAPILA-96,0,0.0002916620685668902
PAPILA-97,0,7.038713922649713e-06
PAPILA-98,0,0.00035003632994954373
PAPILA-99,0,0.00029524480532778396
REFUGE1-val-1,0,0.021984526351184308
REFUGE1-val-10,0,0.02412458496869536
REFUGE1-val-100,0,0.3260182569202635
REFUGE1-val-101,0,0.022646529963900645
REFUGE1-val-102,0,0.0550925673560885
REFUGE1-val-103,0,0.1261838277762178
REFUGE1-val-104,0,0.019950075988455253
REFUGE1-val-105,0,0.0041541358124493576
REFUGE1-val-106,0,0.03139087971905487
REFUGE1-val-107,0,0.02003314612009517
REFUGE1-val-108,0,0.029901002003814733
REFUGE1-val-109,0,0.07544259290134024
REFUGE1-val-11,0,0.037382458604486433
REFUGE1-val-110,0,0.021886386488653257
REFUGE1-val-111,0,0.05749617620179401
REFUGE1-val-112,0,0.05135893581681894
REFUGE1-val-113,0,0.01687602434483915
REFUGE1-val-114,0,0.018909231143601303
REFUGE1-val-115,0,0.0679937161808118
REFUGE1-val-116,0,0.013962374052631767
REFUGE1-val-117,0,0.020971347285766707
REFUGE1-val-118,0,0.2257612590024531
REFUGE1-val-119,0,0.10964723703050624
REFUGE1-val-12,0,0.021170336816327198
REFUGE1-val-120,0,0.0535636217534997
REFUGE1-val-121,0,0.03998467633264442
REFUGE1-val-122,0,0.06027078419887583
REFUGE1-val-123,0,0.00664901321790569
REFUGE1-val-124,0,0.022487441238747165
REFUGE1-val-125,0,0.30425501106075764
REFUGE1-val-126,0,0.021376611640169546
REFUGE1-val-127,0,0.04856802065024712
REFUGE1-val-128,0,0.06458835558933604
REFUGE1-val-129,0,0.00406313015597037
REFUGE1-val-13,0,0.05966212803488666
REFUGE1-val-130,0,0.04229031694818973
REFUGE1-val-131,0,0.012696034430716135
REFUGE1-val-132,0,0.02552957427490888
REFUGE1-val-133,0,0.1311740285154677
REFUGE1-val-134,0,0.08140280200691243
REFUGE1-val-135,0,0.0680942492740601
REFUGE1-val-136,0,0.043025158716942985
REFUGE1-val-137,0,0.014605229492756435
REFUGE1-val-138,0,0.019075181563394057
REFUGE1-val-139,0,0.02859090083386677
REFUGE1-val-14,0,0.09221583415160865
REFUGE1-val-140,0,0.04075169574762078
REFUGE1-val-141,0,0.04170327698526112
REFUGE1-val-142,0,0.016817520090447357
REFUGE1-val-143,0,0.023456942591690153
REFUGE1-val-144,0,0.007865918829879335
REFUGE1-val-145,0,0.036791695162732986
REFUGE1-val-146,0,0.011805694158627348
REFUGE1-val-147,0,0.01770580474255333
REFUGE1-val-148,0,0.034152940708319875
REFUGE1-val-149,0,0.04008245383117054
REFUGE1-val-15,0,0.009025443374903023
REFUGE1-val-150,0,0.05594105366479225
REFUGE1-val-151,0,0.019615191200871022
REFUGE1-val-152,0,0.05672329751234111
REFUGE1-val-153,0,0.014752463350301195
REFUGE1-val-154,0,0.012622626389549443
REFUGE1-val-155,0,0.024859300711256183
REFUGE1-val-156,0,0.026934954927778025
REFUGE1-val-157,0,0.0076054099423669835
REFUGE1-val-158,0,0.014001232577726714
REFUGE1-val-159,1,0.8279742791060757
REFUGE1-val-16,0,0.043306883711684396
REFUGE1-val-160,1,0.5825783686331228
REFUGE1-val-161,0,0.0056298489555297775
REFUGE1-val-162,0,0.05001365904082337
REFUGE1-val-163,0,0.02039685753635784
REFUGE1-val-164,0,0.030965308076493125
REFUGE1-val-165,0,0.17141010603390183
REFUGE1-val-166,0,0.005545099210978464
REFUGE1-val-167,0,0.01175641530802377
REFUGE1-val-168,0,0.027646485186880686
REFUGE1-val-169,0,0.0038265969263394668
REFUGE1-val-17,0,0.0030792207656222892
REFUGE1-val-170,0,0.028433140065569695
REFUGE1-val-171,0,0.1477284348318975
REFUGE1-val-172,0,0.04365796176346983
REFUGE1-val-173,0,0.045181477796201595
REFUGE1-val-174,0,0.013279111001558147
REFUGE1-val-175,0,0.05634413000860106
REFUGE1-val-176,0,0.000861123670432994
REFUGE1-val-177,0,0.018899352836690135
REFUGE1-val-178,0,0.044843511120499883
REFUGE1-val-179,0,0.03768690585158042
REFUGE1-val-18,0,0.034626312976489715
REFUGE1-val-180,0,0.08071374650291913
REFUGE1-val-181,0,0.001703734159007347
REFUGE1-val-182,0,0.1529386343488491
REFUGE1-val-183,0,0.036725629777089104
REFUGE1-val-184,0,0.004406131081407486
REFUGE1-val-185,0,0.036017959815575165
REFUGE1-val-186,0,0.016028048113851865
REFUGE1-val-187,0,0.026884988066225076
REFUGE1-val-188,0,0.004859968172713894
REFUGE1-val-189,0,0.011849216070619699
REFUGE1-val-19,0,0.05248492008792444
REFUGE1-val-190,0,0.01353348956705208
REFUGE1-val-191,0,0.03389908304497225
REFUGE1-val-192,0,0.027462395880282597
REFUGE1-val-193,0,0.04700836321714579
REFUGE1-val-194,0,0.045312250920640264
REFUGE1-val-195,0,0.0028316662249256185
REFUGE1-val-196,0,0.020934731780437345
REFUGE1-val-197,0,0.11675285635605574
REFUGE1-val-198,0,0.025644637185514147
REFUGE1-val-199,0,0.025510355556581203
REFUGE1-val-2,0,0.005983600480305355
REFUGE1-val-20,0,0.02515484638293132
REFUGE1-val-200,0,0.014187825632712675
REFUGE1-val-201,0,0.10566902610880495
REFUGE1-val-202,0,0.013944466256254054
REFUGE1-val-203,0,0.008924217425106833
REFUGE1-val-204,0,0.015357141585478056
REFUGE1-val-205,0,0.00237760396131659
REFUGE1-val-206,0,0.004231791368889051
REFUGE1-val-207,0,0.04321752248685334
REFUGE1-val-208,1,0.6193607717921848
REFUGE1-val-209,0,0.014193861057558061
REFUGE1-val-21,0,0.041324707253581665
REFUGE1-val-210,0,0.004788000435647248
REFUGE1-val-211,0,0.054729464901698464
REFUGE1-val-212,0,0.07302983866698226
REFUGE1-val-213,0,0.035320468188310056
REFUGE1-val-214,0,0.15156516319651123
REFUGE1-val-215,0,0.015954815692747686
REFUGE1-val-216,0,0.2479101229568015
REFUGE1-val-217,0,0.0416201140511624
REFUGE1-val-218,0,0.06582287200526134
REFUGE1-val-219,0,0.018698877272302235
REFUGE1-val-22,0,0.006639321881214563
REFUGE1-val-220,0,0.0038995245650998104
REFUGE1-val-221,0,0.07385786875891885
REFUGE1-val-222,0,0.01231821547891438
REFUGE1-val-223,0,0.03049259422429498
REFUGE1-val-224,0,0.01278611774208765
REFUGE1-val-225,0,0.01525143535841181
REFUGE1-val-226,0,0.045043317265020956
REFUGE1-val-227,0,0.001313322815577577
REFUGE1-val-228,0,0.023497222566647002
REFUGE1-val-229,0,0.01817992720947238
REFUGE1-val-23,0,0.02899868479494969
REFUGE1-val-230,0,0.007958076291830918
REFUGE1-val-231,0,0.01112730950090763
REFUGE1-val-232,0,0.07712067971511688
REFUGE1-val-233,0,0.012510479067119112
REFUGE1-val-234,0,0.029360283048745904
REFUGE1-val-235,0,0.02356716883610166
REFUGE1-val-236,0,0.020933931118271795
REFUGE1-val-237,0,0.009250214911932675
REFUGE1-val-238,0,0.0357343898862784
REFUGE1-val-239,0,0.02436432419563631
REFUGE1-val-24,0,0.022660157167848253
REFUGE1-val-240,0,0.054455196818473044
REFUGE1-val-241,0,0.016253160349658787
REFUGE1-val-242,1,0.9935731123296928
REFUGE1-val-243,0,0.005303165220561387
REFUGE1-val-244,0,0.01678861450053623
REFUGE1-val-245,0,0.07923856246017556
REFUGE1-val-246,0,0.027897490442624757
REFUGE1-val-247,0,0.46352868767257027
REFUGE1-val-248,0,0.019498622167213923
REFUGE1-val-249,0,0.021586554473012873
REFUGE1-val-25,0,0.0028528432886526086
REFUGE1-val-250,0,0.07008891272203055
REFUGE1-val-251,0,0.2763166133343513
REFUGE1-val-252,0,0.11793781534342894
REFUGE1-val-253,0,0.006094421382162907
REFUGE1-val-254,0,0.025125310998643794
REFUGE1-val-255,0,0.01945597211488335
REFUGE1-val-256,0,0.010804867776861097
REFUGE1-val-257,0,0.041488692986005556
REFUGE1-val-258,0,0.02958181310561982
REFUGE1-val-259,0,0.03013309237465621
REFUGE1-val-26,0,0.17525208280893706
REFUGE1-val-260,0,0.015166313770026281
REFUGE1-val-261,0,0.020534013185334456
REFUGE1-val-262,0,0.025827698947167643
REFUGE1-val-263,0,0.027846130338547707
REFUGE1-val-264,0,0.002807712975936381
REFUGE1-val-265,0,0.05184344045390536
REFUGE1-val-266,0,0.059449033672594624
REFUGE1-val-267,0,0.03242718436568863
REFUGE1-val-268,0,0.008482187146436374
REFUGE1-val-269,0,0.03309771173268522
REFUGE1-val-27,0,0.007642395644490024
REFUGE1-val-270,0,0.09271220373504126
REFUGE1-val-271,1,0.615093671010567
REFUGE1-val-272,0,0.036434981036425305
REFUGE1-val-273,0,0.038138058528824424
REFUGE1-val-274,0,0.032909652511244336
REFUGE1-val-275,0,0.01752957154514967
REFUGE1-val-276,0,0.008027971551809199
REFUGE1-val-277,0,0.0527393309077559
REFUGE1-val-278,0,0.02530339706845905
REFUGE1-val-279,0,0.03499116305608311
REFUGE1-val-28,0,0.07755571173740902
REFUGE1-val-280,0,0.018501671118764117
REFUGE1-val-281,0,0.06359819031756375
REFUGE1-val-282,0,0.009000052055953944
REFUGE1-val-283,0,0.08674939652973507
REFUGE1-val-284,0,0.05626767574457626
REFUGE1-val-285,0,0.026136252182263873
REFUGE1-val-286,0,0.023674142096554603
REFUGE1-val-287,0,0.06707472735622913
REFUGE1-val-288,0,0.03187203351358343
REFUGE1-val-289,0,0.017056103862243193
REFUGE1-val-29,0,0.0029418298783231074
REFUGE1-val-290,0,0.05458331235596989
REFUGE1-val-291,0,0.03610387759596616
REFUGE1-val-292,0,0.0156814295855123
REFUGE1-val-293,0,0.01684197754715472
REFUGE1-val-294,0,0.009950312528928626
REFUGE1-val-295,0,0.001215180547026876
REFUGE1-val-296,0,0.021383993136090854
REFUGE1-val-297,0,0.03691512526396719
REFUGE1-val-298,0,0.018634942800309317
REFUGE1-val-299,0,0.016741314853960413
REFUGE1-val-3,0,0.004558979288601707
REFUGE1-val-30,0,0.10701788498839301
REFUGE1-val-300,0,0.024389586825262346
REFUGE1-val-301,0,0.07653062795408234
REFUGE1-val-302,0,0.030066205968881547
REFUGE1-val-303,0,0.012060577553041348
REFUGE1-val-304,0,0.009237322513843023
REFUGE1-val-305,0,0.018517732233479682
REFUGE1-val-306,0,0.008758901181063398
REFUGE1-val-307,0,0.10855593402919791
REFUGE1-val-308,0,0.027485023678095855
REFUGE1-val-309,0,0.028370504566255395
REFUGE1-val-31,0,0.05516428953112751
REFUGE1-val-310,0,0.025577325328318908
REFUGE1-val-311,0,0.021878685292372163
REFUGE1-val-312,0,0.04732395863729555
REFUGE1-val-313,0,0.023813527760447567
REFUGE1-val-314,0,0.025682302881735685
REFUGE1-val-315,0,0.021012182551723383
REFUGE1-val-316,0,0.05247453225971934
REFUGE1-val-317,0,0.017251804747859444
REFUGE1-val-318,0,0.01974848186071095
REFUGE1-val-319,0,0.25605004883479826
REFUGE1-val-32,0,0.015397833687370412
REFUGE1-val-320,0,0.020115065131243247
REFUGE1-val-321,0,0.019107726691753292
REFUGE1-val-322,0,0.02319576650751614
REFUGE1-val-323,0,0.007783685244719966
REFUGE1-val-324,0,0.006583885954305656
REFUGE1-val-325,0,0.01721756468067644
REFUGE1-val-326,0,0.049370945017932454
REFUGE1-val-327,0,0.039535006446028455
REFUGE1-val-328,0,0.005399992343461056
REFUGE1-val-329,0,0.029683972169115592
REFUGE1-val-33,0,0.0748361765073591
REFUGE1-val-330,0,0.030480089889411078
REFUGE1-val-331,0,0.02963325716650044
REFUGE1-val-332,0,0.01873269732799843
REFUGE1-val-333,0,0.10773936328386004
REFUGE1-val-334,0,0.04616949750051364
REFUGE1-val-335,0,0.009083856098984709
REFUGE1-val-336,0,0.014762832567520345
REFUGE1-val-337,0,0.001614797334016509
REFUGE1-val-338,0,0.012814836584498817
REFUGE1-val-339,0,0.10297235367627065
REFUGE1-val-34,0,0.21655363380041812
REFUGE1-val-340,0,0.0455773643621623
REFUGE1-val-341,0,0.017464459428047877
REFUGE1-val-342,1,0.6407848370001895
REFUGE1-val-343,0,0.016759974175826264
REFUGE1-val-344,0,0.20348009401913983
REFUGE1-val-345,0,0.030316234768837626
REFUGE1-val-346,0,0.0405709534532492
REFUGE1-val-347,1,0.7948838217696382
REFUGE1-val-348,0,0.09390281888352539
REFUGE1-val-349,0,0.04949810657303531
REFUGE1-val-35,0,0.05151983542379392
REFUGE1-val-350,0,0.006774053419049127
REFUGE1-val-351,0,0.004983237580327398
REFUGE1-val-352,0,0.0069456335499695245
REFUGE1-val-353,0,0.0032502458022487433
REFUGE1-val-354,0,0.016484921010202033
REFUGE1-val-355,0,0.045911499039524906
REFUGE1-val-356,0,0.016022724135461307
REFUGE1-val-357,0,0.023399932034814556
REFUGE1-val-358,0,0.10770878411073462
REFUGE1-val-359,0,0.021564821980271494
REFUGE1-val-36,0,0.024162166477803743
REFUGE1-val-360,0,0.004941587001813201
REFUGE1-val-361,0,0.04904532884717518
REFUGE1-val-362,0,0.07082993383008158
REFUGE1-val-363,0,0.030390953842518408
REFUGE1-val-364,0,0.029909322631353853
REFUGE1-val-365,0,0.018774324350913068
REFUGE1-val-366,0,0.007743835225376199
REFUGE1-val-367,0,0.07212956050618227
REFUGE1-val-368,0,0.04310361782248953
REFUGE1-val-369,0,0.024890900886294927
REFUGE1-val-37,0,0.08463952651623753
REFUGE1-val-370,0,0.06420624714181788
REFUGE1-val-371,0,0.06619381091279698
REFUGE1-val-372,0,0.007741880986005051
REFUGE1-val-373,0,0.0011232003163326495
REFUGE1-val-374,0,0.009407122210162419
REFUGE1-val-375,0,0.04571424709643496
REFUGE1-val-376,0,0.08123390929176394
REFUGE1-val-377,0,0.019242165146365245
REFUGE1-val-378,0,0.07531362081214057
REFUGE1-val-379,0,0.019504313397214857
REFUGE1-val-38,0,0.03673160744201356
REFUGE1-val-380,0,0.012139536489431809
REFUGE1-val-381,0,0.03947040386040251
REFUGE1-val-382,0,0.12380804166990696
REFUGE1-val-383,1,0.8761323000066901
REFUGE1-val-384,0,0.023831695856931307
REFUGE1-val-385,0,0.012264187930606279
REFUGE1-val-386,0,0.030534994562778767
REFUGE1-val-387,0,0.15551550432353237
REFUGE1-val-388,0,0.03566830325963983
REFUGE1-val-389,0,0.05046004267866942
REFUGE1-val-39,0,0.005177435216759403
REFUGE1-val-390,0,0.08804895119808304
REFUGE1-val-391,0,0.05686851845768447
REFUGE1-val-392,0,0.0022477929734278667
REFUGE1-val-393,0,0.015282255931669987
REFUGE1-val-394,0,0.018853937045873258
REFUGE1-val-395,0,0.06036734151818454
REFUGE1-val-396,0,0.025966927828948924
REFUGE1-val-397,0,0.012344111148822647
REFUGE1-val-398,0,0.06489783879353545
REFUGE1-val-399,0,0.022197672778031852
REFUGE1-val-4,0,0.014736783621798465
REFUGE1-val-40,0,0.004917655925913581
REFUGE1-val-400,0,0.07177200692738407
REFUGE1-val-41,0,0.3256938573808725
REFUGE1-val-42,0,0.04806208592086419
REFUGE1-val-43,0,0.029565952577981957
REFUGE1-val-44,0,0.009460097919708433
REFUGE1-val-45,0,0.02114253609959391
REFUGE1-val-46,1,0.7403397665899552
REFUGE1-val-47,0,0.06492706345245848
REFUGE1-val-48,0,0.015369636919101955
REFUGE1-val-49,1,0.5969606081380248
REFUGE1-val-5,0,0.056465299511739106
REFUGE1-val-50,0,0.018089843091049256
REFUGE1-val-51,0,0.015777498291901462
REFUGE1-val-52,0,0.031904140448433704
REFUGE1-val-53,0,0.02736426652974121
REFUGE1-val-54,0,0.3064445971865202
REFUGE1-val-55,0,0.010326570200774897
REFUGE1-val-56,0,0.01938812464206558
REFUGE1-val-57,0,0.008725449268880291
REFUGE1-val-58,0,0.054831038519698706
REFUGE1-val-59,0,0.003305611243304662
REFUGE1-val-6,0,0.21116864495846807
REFUGE1-val-60,0,0.011742754478080642
REFUGE1-val-61,0,0.022742714791418123
REFUGE1-val-62,0,0.07047690210984078
REFUGE1-val-63,0,0.013722486875532042
REFUGE1-val-64,0,0.01742349439650587
REFUGE1-val-65,0,0.02582428856930328
REFUGE1-val-66,0,0.03266117024894181
REFUGE1-val-67,0,0.04922629474042468
REFUGE1-val-68,0,0.030997175801844953
REFUGE1-val-69,0,0.06782230306403626
REFUGE1-val-7,0,0.03350967742624307
REFUGE1-val-70,0,0.026004578800613562
REFUGE1-val-71,0,0.03879337076828939
REFUGE1-val-72,0,0.038148061867144686
REFUGE1-val-73,0,0.08371286058244753
REFUGE1-val-74,0,0.09158069902210049
REFUGE1-val-75,1,0.7562531326058298
REFUGE1-val-76,0,0.00761274526154611
REFUGE1-val-77,0,0.009079150786834049
REFUGE1-val-78,0,0.0071560760417546205
REFUGE1-val-79,0,0.021457614649081705
REFUGE1-val-8,0,0.06569313543121641
REFUGE1-val-80,0,0.09129516074977465
REFUGE1-val-81,0,0.028640062149288496
REFUGE1-val-82,0,0.00942203562687235
REFUGE1-val-83,0,0.025738720664112626
REFUGE1-val-84,0,0.04992219375382828
REFUGE1-val-85,0,0.020148993649641775
REFUGE1-val-86,0,0.007895156326892435
REFUGE1-val-87,0,0.028911059526486312
REFUGE1-val-88,0,0.034289173028557524
REFUGE1-val-89,0,0.0015676011827935141
REFUGE1-val-9,0,0.004720535201498679
REFUGE1-val-90,0,0.029157156521335353
REFUGE1-val-91,0,0.13389302729742708
REFUGE1-val-92,0,0.2963125620407896
REFUGE1-val-93,0,0.05442980419701114
REFUGE1-val-94,0,0.027729245028289728
REFUGE1-val-95,0,0.4012179781404426
REFUGE1-val-96,0,0.035089476693748727
REFUGE1-val-97,0,0.005427311199083255
REFUGE1-val-98,0,0.005217092530101319
REFUGE1-val-99,0,0.008176859348254932
